Year,CO2_emissions,Country Name,Country Code,latitude,longitude
2010,10.29831131,Netherlands,NLD,52.132633,5.291266
2010,0.116175443,Mozambique,MOZ,-18.665695,35.529562
2010,1.478370349,Namibia,NAM,-22.95764,18.49041
2010,,New Caledonia,NCL,-20.904305,165.618042
2010,0.08175723,Niger,NER,17.607789,8.081666
2010,0.559512915,Nigeria,NGA,9.081999,8.675277
2010,0.770731731,Nicaragua,NIC,12.865416,-85.207229
2010,8.205017864,Norway,NOR,60.472024,8.468946
2010,0.72190976,Pakistan,PAK,30.375321,69.345116
2010,4.169514696,Nauru,NRU,-0.522778,166.931503
2010,7.136621693,New Zealand,NZL,-40.900557,174.885971
2010,16.33508148,Oman,OMN,21.512583,55.923255
2010,2.536305575,Panama,PAN,8.537981,-80.782127
2010,1.539485423,Peru,PER,-9.189967,-75.015152
2010,,French Polynesia,PYF,-17.679742,-149.406843
2010,0.664884761,Papua New Guinea,PNG,-6.314993,143.95555
2010,0.865602879,Philippines,PHL,12.879721,121.774017
2010,6.959707228,Malaysia,MYS,4.210484,101.975766
2010,0.170862749,Nepal,NPL,28.394857,84.124008
2010,4.113210914,Mexico,MEX,23.634501,-102.552784
2010,0.632448603,Sri Lanka,LKA,7.873054,80.771797
2010,2.663347853,Maldives,MDV,3.202778,73.22068
2010,8.247004676,Poland,POL,51.919438,19.145136
2010,0.181534325,Liberia,LBR,6.428055,-9.429499
2010,1.067261501,Lesotho,LSO,-29.609988,28.233608
2010,4.06905151,Lithuania,LTU,55.169438,23.881275
2010,21.75566571,Luxembourg,LUX,49.815273,6.129583
2010,4.06096622,Latvia,LVA,56.879635,24.603189
2010,9.174323797,Libya,LBY,26.3351,17.228331
2010,1.594015561,Morocco,MAR,31.791702,-7.09262
2010,,Monaco,MCO,43.750298,7.412841
2010,2.897999339,Moldova,MDA,47.411631,28.369885
2010,4.171913443,Montenegro,MNE,42.708678,19.37439
2010,0.08604277,Madagascar,MDG,-18.766947,46.869107
2010,2.635914333,Marshall Islands,MHL,7.131474,171.184478
2010,0.138706607,Mali,MLI,17.570692,-3.996166
2010,5.295464973,Mongolia,MNG,46.862496,103.846656
2010,,Northern Mariana Islands,MNP,17.33083,145.38469
2010,0.606440606,Mauritania,MRT,21.00789,-10.940835
2010,6.240169068,Malta,MLT,35.937496,14.375416
2010,2.928502879,Mauritius,MUS,-20.348404,57.552152
2010,0.066886246,Malawi,MWI,-13.254308,34.301525
2010,,Puerto Rico,PRI,18.220833,-66.590149
2010,0.100044331,Chad,TCD,15.454166,18.732207
2010,11.58576052,Palau,PLW,7.51498,134.58252
2010,11.23299867,Turkmenistan,TKM,38.969719,59.556278
2010,2.59948015,Tunisia,TUN,33.886917,9.537499
2010,1.09607666,Tonga,TON,-21.178986,-175.198242
2010,15.20460953,Trinidad and Tobago,TTO,10.691803,-61.222503
2010,0.909952607,Tuvalu,TUV,-7.109535,177.64933
2010,0.153177107,Tanzania,TZA,-6.369028,34.888822
2010,5.862660906,Ukraine,UKR,48.379433,31.16558
2010,0.103024798,Uganda,UGA,1.373333,32.290275
2010,17.43173699,United States,USA,37.09024,-95.712891
2010,1.874277997,Uruguay,URY,-32.522779,-55.765835
2010,4.419814161,Uzbekistan,UZB,41.377491,64.585262
2010,,British Virgin Islands,VGB,18.420695,-64.639968
2010,0.517818075,Vanuatu,VUT,-15.376706,166.959158
2010,0.988329087,Samoa,WSM,-13.759029,-172.104629
2010,,Kosovo,XKX,42.602636,20.902977
2010,8.217612227,South Africa,ZAF,-30.559482,22.937506
2010,0.19263946,Zambia,ZMB,-13.133897,27.849332
2010,0.741290479,Zimbabwe,ZWE,-19.015438,29.154857
2010,5.311764154,Liechtenstein,LIE,47.166,9.555373
2010,0.224256444,Timor-Leste,TLS,-8.874217,125.727539
2010,4.817631537,Portugal,PRT,39.399872,-8.224454
2010,0.321040534,Tajikistan,TJK,38.861034,71.276093
2010,0.400206639,Togo,TGO,8.619543,0.824782
2010,0.874265616,Paraguay,PRY,-23.442503,-58.443832
2010,35.54826834,Qatar,QAT,25.354826,51.183884
2010,3.832784829,Romania,ROU,45.943161,24.96676
2010,6.460167791,Serbia,SRB,44.016521,21.005859
2010,0.068258598,Rwanda,RWA,-1.940278,29.873888
2010,15.16838627,Saudi Arabia,SAU,23.885942,45.079162
2010,0.634351973,Solomon Islands,SLB,-9.64571,160.156194
2010,4.942631169,Seychelles,SYC,-4.679574,55.491977
2010,0.486883006,Sudan,SDN,12.862807,30.217636
2010,5.116747205,Sweden,SWE,60.128161,18.643501
2010,8.354508373,Singapore,SGP,1.352083,103.819836
2010,7.701518562,Slovenia,SVN,46.151241,14.995463
2010,0.087032202,Sierra Leone,SLE,8.460555,-11.779889
2010,,San Marino,SMR,43.94236,12.457777
2010,0.560744785,Senegal,SEN,14.497401,-14.452362
2010,0.052483447,Somalia,SOM,5.152149,46.199616
2010,3.19526443,Suriname,SUR,3.919305,-56.027783
2010,1.069539358,El Salvador,SLV,13.794185,-88.89653
2010,,Turks and Caicos Islands,TCA,21.694025,-71.797928
2010,3.526681931,Thailand,THA,15.870032,100.992541
2010,4.176368149,Lebanon,LBN,33.854721,35.862285
2010,14.07327542,Kazakhstan,KAZ,48.019573,66.923684
2010,,Cayman Islands,CYM,19.513469,-80.566956
2010,2.026605669,Brazil,BRA,-14.235004,-51.92528
2010,0.699034466,Bhutan,BTN,27.514162,90.433601
2010,1.611970183,Botswana,BWA,-22.328474,24.684866
2010,6.478781371,Belarus,BLR,53.709807,27.953389
2010,1.649146554,Belize,BLZ,17.189877,-88.49765
2010,15.79453766,Canada,CAN,56.130366,-106.346771
2010,0.03751019,Central African Republic,CAF,6.611111,20.939444
2010,5.77742182,Switzerland,CHE,46.818188,8.227512
2010,1.438111289,Bolivia,BOL,-16.290154,-63.588653
2010,4.101883998,Chile,CHL,-35.675147,-71.542969
2010,6.335419767,China,CHN,35.86166,104.195397
2010,1.431317954,Colombia,COL,4.570868,-74.297333
2010,1.537237693,Costa Rica,CRI,9.748917,-83.753428
2010,2.489722036,Cuba,CUB,21.521757,-77.781167
2010,6.991677333,Cyprus,CYP,35.126413,33.429859
2010,9.453388627,Germany,DEU,51.165691,10.451526
2010,0.564730815,Djibouti,DJI,11.825138,42.590275
2010,8.674756651,Denmark,DNK,56.26392,9.501785
2010,0.352871883,Cameroon,CMR,7.369722,12.354722
2010,,Bermuda,BMU,32.321384,-64.75737
2010,0.510824491,Benin,BEN,9.30769,2.315834
2010,0.035423906,Burundi,BDI,-3.373056,29.918886
2010,19.19279594,United Arab Emirates,ARE,23.424076,53.847818
2010,0.304230216,Afghanistan,AFG,33.93911,67.709953
2010,5.435556334,Antigua and Barbuda,ATG,17.060816,-61.796428
2010,1.64276193,Albania,ALB,41.153332,20.168331
2010,1.471883482,Armenia,ARM,40.069099,45.038189
2010,0.975916772,Angola,AGO,-11.202692,17.873887
2010,4.09984414,Argentina,ARG,-38.416097,-63.616672
2010,,American Samoa,ASM,-14.270972,-170.132217
2010,8.36562481,Austria,AUT,47.516231,14.550072
2010,17.97375152,Australia,AUS,-25.274398,133.775136
2010,,Aruba,ABW,12.52111,-69.968338
2010,2.685112496,Azerbaijan,AZE,40.143105,47.576927
2010,5.468910715,Bosnia and Herzegovina,BIH,43.915886,17.679076
2010,5.392940217,Barbados,BRB,13.193887,-59.543198
2010,0.340233253,Bangladesh,BGD,23.684994,90.356331
2010,9.808816157,Belgium,BEL,50.503887,4.469936
2010,0.129944788,Burkina Faso,BFA,12.238333,-1.561593
2010,6.049624919,Bulgaria,BGR,42.733883,25.48583
2010,21.39480655,Bahrain,BHR,25.930414,50.637772
2010,2.508908443,Dominica,DMA,15.414999,-61.370976
2010,2.115519466,Dominican Republic,DOM,18.735693,-70.162651
2010,7.223590934,Andorra,AND,42.546245,1.601554
2010,2.485325644,Ecuador,ECU,-1.831239,-78.183406
2010,4.529770847,Croatia,HRV,45.1,15.2
2010,0.249743977,Haiti,HTI,18.971187,-72.285215
2010,4.788038988,Hungary,HUN,47.162494,19.503304
2010,1.702905979,Indonesia,IDN,-0.789275,113.921327
2010,8.847879074,Ireland,IRL,53.41291,-8.24389
2010,9.250262343,Israel,ISR,31.046051,34.851612
2010,,Isle of Man,IMN,54.236107,-4.548056
2010,3.471956948,Iraq,IRQ,33.223191,43.679291
2010,6.159973085,Iceland,ISL,64.963051,-19.020835
2010,6.836875163,Italy,ITA,41.87194,12.56738
2010,2.73594899,Jamaica,JAM,18.109581,-77.297508
2010,2.9138722,Jordan,JOR,30.585164,36.238414
2010,9.036009995,Japan,JPN,36.204824,138.252924
2010,0.323340092,Kenya,KEN,-0.023559,37.906193
2010,0.357906398,Cambodia,KHM,12.565679,104.990963
2010,0.502801056,Kiribati,KIR,-3.370417,-168.734039
2010,0.255783325,Comoros,COM,-11.875001,43.872219
2010,27.42637996,Kuwait,KWT,29.31166,47.481766
2010,3.184357,Algeria,DZA,28.033886,1.659626
2010,0.937979274,Honduras,HND,15.199999,-86.241905
2010,2.352219186,Guyana,GUY,4.860416,-58.93018
2010,1.338033835,India,IND,20.593684,78.96288
2010,,Guam,GUM,13.444304,144.793731
2010,0.153775475,Guinea-Bissau,GNB,11.803749,-15.180413
2010,0.159781963,Eritrea,ERI,15.179384,39.782334
2010,5.885763493,Spain,ESP,40.463667,-3.74922
2010,0.072538775,Ethiopia,ETH,9.145,40.489673
2010,11.65808248,Finland,FIN,61.92411,25.748151
2010,1.244298026,Fiji,FJI,-16.578193,179.414413
2010,5.350407866,France,FRA,46.227638,2.213749
2010,3.367467221,Gabon,GAB,-0.803689,11.609444
2010,7.689567494,United Kingdom,GBR,55.378051,-3.435973
2010,,Faroe Islands,FRO,61.892635,-6.911806
2010,1.405473639,Georgia,GEO,42.315407,43.356892
2010,0.804898453,Guatemala,GTM,15.783471,-90.230759
2010,2.399179228,Grenada,GRD,12.262776,-61.604171
2010,5.525506978,Equatorial Guinea,GNQ,1.650801,10.267895
2010,0.243682824,Guinea,GIN,9.945587,-9.696645
2010,7.874814737,Greece,GRC,39.074208,21.824312
2010,,Gibraltar,GIB,36.137741,-5.345374
2010,0.405971225,Ghana,GHA,7.946527,-1.023194
2010,13.89466569,Estonia,EST,58.595272,25.013607
2010,,Greenland,GRL,71.706936,-42.604303
2011,9.511010375,Netherlands,NLD,52.132633,5.291266
2011,0.138646533,Mozambique,MOZ,-18.665695,35.529562
2011,1.549377679,Namibia,NAM,-22.95764,18.49041
2011,,New Caledonia,NCL,-20.904305,165.618042
2011,0.080971529,Niger,NER,17.607789,8.081666
2011,0.574122748,Nigeria,NGA,9.081999,8.675277
2011,0.802045855,Nicaragua,NIC,12.865416,-85.207229
2011,7.888270913,Norway,NOR,60.472024,8.468946
2011,0.713434273,Pakistan,PAK,30.375321,69.345116
2011,3.899640183,Nauru,NRU,-0.522778,166.931503
2011,6.90935219,New Zealand,NZL,-40.900557,174.885971
2011,16.72041586,Oman,OMN,21.512583,55.923255
2011,2.709401807,Panama,PAN,8.537981,-80.782127
2011,1.642847492,Peru,PER,-9.189967,-75.015152
2011,,French Polynesia,PYF,-17.679742,-149.406843
2011,0.663473913,Papua New Guinea,PNG,-6.314993,143.95555
2011,0.856822589,Philippines,PHL,12.879721,121.774017
2011,6.935319956,Malaysia,MYS,4.210484,101.975766
2011,0.190681578,Nepal,NPL,28.394857,84.124008
2011,4.190989787,Mexico,MEX,23.634501,-102.552784
2011,0.738753109,Sri Lanka,LKA,7.873054,80.771797
2011,2.704839227,Maldives,MDV,3.202778,73.22068
2011,8.159932723,Poland,POL,51.919438,19.145136
2011,0.202858065,Liberia,LBR,6.428055,-9.429499
2011,1.415926077,Lesotho,LSO,-29.609988,28.233608
2011,3.911872568,Lithuania,LTU,55.169438,23.881275
2011,21.04150309,Luxembourg,LUX,49.815273,6.129583
2011,3.834182401,Latvia,LVA,56.879635,24.603189
2011,6.707419945,Libya,LBY,26.3351,17.228331
2011,1.699611342,Morocco,MAR,31.791702,-7.09262
2011,,Monaco,MCO,43.750298,7.412841
2011,2.916944425,Moldova,MDA,47.411631,28.369885
2011,4.089640191,Montenegro,MNE,42.708678,19.37439
2011,0.098168717,Madagascar,MDG,-18.766947,46.869107
2011,2.663721659,Marshall Islands,MHL,7.131474,171.184478
2011,0.146305419,Mali,MLI,17.570692,-3.996166
2011,5.732418152,Mongolia,MNG,46.862496,103.846656
2011,,Northern Mariana Islands,MNP,17.33083,145.38469
2011,0.619394373,Mauritania,MRT,21.00789,-10.940835
2011,6.18135432,Malta,MLT,35.937496,14.375416
2011,2.905611927,Mauritius,MUS,-20.348404,57.552152
2011,0.070816278,Malawi,MWI,-13.254308,34.301525
2011,,Puerto Rico,PRI,18.220833,-66.590149
2011,0.08148132,Chad,TCD,15.454166,18.732207
2011,11.65570175,Palau,PLW,7.51498,134.58252
2011,12.13933862,Turkmenistan,TKM,38.969719,59.556278
2011,2.421693378,Tunisia,TUN,33.886917,9.537499
2011,0.998039234,Tonga,TON,-21.178986,-175.198242
2011,15.66386389,Trinidad and Tobago,TTO,10.691803,-61.222503
2011,0.953271028,Tuvalu,TUV,-7.109535,177.64933
2011,0.172778668,Tanzania,TZA,-6.369028,34.888822
2011,6.199226948,Ukraine,UKR,48.379433,31.16558
2011,0.112452831,Uganda,UGA,1.373333,32.290275
2011,16.60418962,United States,USA,37.09024,-95.712891
2011,2.26255839,Uruguay,URY,-32.522779,-55.765835
2011,4.384333013,Uzbekistan,UZB,41.377491,64.585262
2011,,British Virgin Islands,VGB,18.420695,-64.639968
2011,0.534035831,Vanuatu,VUT,-15.376706,166.959158
2011,0.998212385,Samoa,WSM,-13.759029,-172.104629
2011,,Kosovo,XKX,42.602636,20.902977
2011,7.808053742,South Africa,ZAF,-30.559482,22.937506
2011,0.213846893,Zambia,ZMB,-13.133897,27.849332
2011,0.871932095,Zimbabwe,ZWE,-19.015438,29.154857
2011,4.884964851,Liechtenstein,LIE,47.166,9.555373
2011,0.226779373,Timor-Leste,TLS,-8.874217,125.727539
2011,4.723430414,Portugal,PRT,39.399872,-8.224454
2011,0.329384665,Tajikistan,TJK,38.861034,71.276093
2011,0.372754818,Togo,TGO,8.619543,0.824782
2011,0.892890908,Paraguay,PRY,-23.442503,-58.443832
2011,37.97949307,Qatar,QAT,25.354826,51.183884
2011,4.171702851,Romania,ROU,45.943161,24.96676
2011,7.081766506,Serbia,SRB,44.016521,21.005859
2011,0.069592014,Rwanda,RWA,-1.940278,29.873888
2011,15.38139849,Saudi Arabia,SAU,23.885942,45.079162
2011,0.642742464,Solomon Islands,SLB,-9.64571,160.156194
2011,4.668290619,Seychelles,SYC,-4.679574,55.491977
2011,0.463009125,Sudan,SDN,12.862807,30.217636
2011,4.704307121,Sweden,SWE,60.128161,18.643501
2011,8.636110044,Singapore,SGP,1.352083,103.819836
2011,7.648319915,Slovenia,SVN,46.151241,14.995463
2011,0.111139929,Sierra Leone,SLE,8.460555,-11.779889
2011,,San Marino,SMR,43.94236,12.457777
2011,0.588029711,Senegal,SEN,14.497401,-14.452362
2011,0.051772812,Somalia,SOM,5.152149,46.199616
2011,3.536618938,Suriname,SUR,3.919305,-56.027783
2011,1.104499679,El Salvador,SLV,13.794185,-88.89653
2011,,Turks and Caicos Islands,TCA,21.694025,-71.797928
2011,3.477784925,Thailand,THA,15.870032,100.992541
2011,4.197198208,Lebanon,LBN,33.854721,35.862285
2011,14.82468475,Kazakhstan,KAZ,48.019573,66.923684
2011,,Cayman Islands,CYM,19.513469,-80.566956
2011,2.11062776,Brazil,BRA,-14.235004,-51.92528
2011,1.043274441,Bhutan,BTN,27.514162,90.433601
2011,1.819713997,Botswana,BWA,-22.328474,24.684866
2011,6.164447338,Belarus,BLR,53.709807,27.953389
2011,1.740011774,Belize,BLZ,17.189877,-88.49765
2011,15.99827172,Canada,CAN,56.130366,-106.346771
2011,0.041039539,Central African Republic,CAF,6.611111,20.939444
2011,5.206044994,Switzerland,CHE,46.818188,8.227512
2011,1.538218699,Bolivia,BOL,-16.290154,-63.588653
2011,4.452800824,Chile,CHL,-35.675147,-71.542969
2011,6.901347326,China,CHN,35.86166,104.195397
2011,1.539898376,Colombia,COL,4.570868,-74.297333
2011,1.587802884,Costa Rica,CRI,9.748917,-83.753428
2011,2.441544212,Cuba,CUB,21.521757,-77.781167
2011,6.667272152,Cyprus,CYP,35.126413,33.429859
2011,9.299002904,Germany,DEU,51.165691,10.451526
2011,0.506932562,Djibouti,DJI,11.825138,42.590275
2011,7.736727934,Denmark,DNK,56.26392,9.501785
2011,0.332610017,Cameroon,CMR,7.369722,12.354722
2011,,Bermuda,BMU,32.321384,-64.75737
2011,0.478348574,Benin,BEN,9.30769,2.315834
2011,0.037998112,Burundi,BDI,-3.373056,29.918886
2011,19.43178035,United Arab Emirates,ARE,23.424076,53.847818
2011,0.408965291,Afghanistan,AFG,33.93911,67.709953
2011,5.258909938,Antigua and Barbuda,ATG,17.060816,-61.796428
2011,1.768108509,Albania,ALB,41.153332,20.168331
2011,1.685606164,Armenia,ARM,40.069099,45.038189
2011,0.983787081,Angola,AGO,-11.202692,17.873887
2011,4.281028145,Argentina,ARG,-38.416097,-63.616672
2011,,American Samoa,ASM,-14.270972,-170.132217
2011,8.136189778,Austria,AUT,47.516231,14.550072
2011,17.65605534,Australia,AUS,-25.274398,133.775136
2011,,Aruba,ABW,12.52111,-69.968338
2011,2.97414762,Azerbaijan,AZE,40.143105,47.576927
2011,6.341784522,Bosnia and Herzegovina,BIH,43.915886,17.679076
2011,5.503909455,Barbados,BRB,13.193887,-59.543198
2011,0.361557397,Bangladesh,BGD,23.684994,90.356331
2011,8.741247718,Belgium,BEL,50.503887,4.469936
2011,0.132533051,Burkina Faso,BFA,12.238333,-1.561593
2011,6.754951603,Bulgaria,BGR,42.733883,25.48583
2011,21.46530295,Bahrain,BHR,25.930414,50.637772
2011,2.212621105,Dominica,DMA,15.414999,-61.370976
2011,2.111718031,Dominican Republic,DOM,18.735693,-70.162651
2011,6.957586407,Andorra,AND,42.546245,1.601554
2011,2.434523047,Ecuador,ECU,-1.831239,-78.183406
2011,4.445054948,Croatia,HRV,45.1,15.2
2011,0.270992109,Haiti,HTI,18.971187,-72.285215
2011,4.704029703,Hungary,HUN,47.162494,19.503304
2011,1.925542224,Indonesia,IDN,-0.789275,113.921327
2011,7.966687947,Ireland,IRL,53.41291,-8.24389
2011,8.99106338,Israel,ISR,31.046051,34.851612
2011,,Isle of Man,IMN,54.236107,-4.548056
2011,3.491246743,Iraq,IRQ,33.223191,43.679291
2011,5.919332694,Iceland,ISL,64.963051,-19.020835
2011,6.68055037,Italy,ITA,41.87194,12.56738
2011,2.74178319,Jamaica,JAM,18.109581,-77.297508
2011,2.919319042,Jordan,JOR,30.585164,36.238414
2011,9.495009896,Japan,JPN,36.204824,138.252924
2011,0.327520883,Kenya,KEN,-0.023559,37.906193
2011,0.368035016,Cambodia,KHM,12.565679,104.990963
2011,0.493305786,Kiribati,KIR,-3.370417,-168.734039
2011,0.223856875,Comoros,COM,-11.875001,43.872219
2011,26.49355483,Kuwait,KWT,29.31166,47.481766
2011,3.305232517,Algeria,DZA,28.033886,1.659626
2011,1.09833524,Honduras,HND,15.199999,-86.241905
2011,2.461067143,Guyana,GUY,4.860416,-58.93018
2011,1.396878498,India,IND,20.593684,78.96288
2011,,Guam,GUM,13.444304,144.793731
2011,0.151334635,Guinea-Bissau,GNB,11.803749,-15.180413
2011,0.185776148,Eritrea,ERI,15.179384,39.782334
2011,5.893329176,Spain,ESP,40.463667,-3.74922
2011,0.082244286,Ethiopia,ETH,9.145,40.489673
2011,10.23025564,Finland,FIN,61.92411,25.748151
2011,1.162320899,Fiji,FJI,-16.578193,179.414413
2011,5.127105446,France,FRA,46.227638,2.213749
2011,3.259317348,Gabon,GAB,-0.803689,11.609444
2011,7.04484324,United Kingdom,GBR,55.378051,-3.435973
2011,,Faroe Islands,FRO,61.892635,-6.911806
2011,1.73616463,Georgia,GEO,42.315407,43.356892
2011,0.810858922,Guatemala,GTM,15.783471,-90.230759
2011,2.265093371,Grenada,GRD,12.262776,-61.604171
2011,5.319905503,Equatorial Guinea,GNQ,1.650801,10.267895
2011,0.249028469,Guinea,GIN,9.945587,-9.696645
2011,7.613504634,Greece,GRC,39.074208,21.824312
2011,,Gibraltar,GIB,36.137741,-5.345374
2011,0.412238584,Ghana,GHA,7.946527,-1.023194
2011,13.93856893,Estonia,EST,58.595272,25.013607
2011,,Greenland,GRL,71.706936,-42.604303
2012,9.398612781,Netherlands,NLD,52.132633,5.291266
2012,0.148679265,Mozambique,MOZ,-18.665695,35.529562
2012,1.618200021,Namibia,NAM,-22.95764,18.49041
2012,,New Caledonia,NCL,-20.904305,165.618042
2012,0.105019898,Niger,NER,17.607789,8.081666
2012,0.56054551,Nigeria,NGA,9.081999,8.675277
2012,0.777036209,Nicaragua,NIC,12.865416,-85.207229
2012,7.725323513,Norway,NOR,60.472024,8.468946
2012,0.711250897,Pakistan,PAK,30.375321,69.345116
2012,4.031022597,Nauru,NRU,-0.522778,166.931503
2012,7.283727683,New Zealand,NZL,-40.900557,174.885971
2012,17.1257381,Oman,OMN,21.512583,55.923255
2012,2.786147667,Panama,PAN,8.537981,-80.782127
2012,1.617521506,Peru,PER,-9.189967,-75.015152
2012,,French Polynesia,PYF,-17.679742,-149.406843
2012,0.611184513,Papua New Guinea,PNG,-6.314993,143.95555
2012,0.878944848,Philippines,PHL,12.879721,121.774017
2012,6.925634921,Malaysia,MYS,4.210484,101.975766
2012,0.219452898,Nepal,NPL,28.394857,84.124008
2012,4.202413546,Mexico,MEX,23.634501,-102.552784
2012,0.829817672,Sri Lanka,LKA,7.873054,80.771797
2012,2.953509195,Maldives,MDV,3.202778,73.22068
2012,7.969684286,Poland,POL,51.919438,19.145136
2012,0.217960912,Liberia,LBR,6.428055,-9.429499
2012,1.420924915,Lesotho,LSO,-29.609988,28.233608
2012,3.991534832,Lithuania,LTU,55.169438,23.881275
2012,20.1489417,Luxembourg,LUX,49.815273,6.129583
2012,3.721491074,Latvia,LVA,56.879635,24.603189
2012,9.934649319,Libya,LBY,26.3351,17.228331
2012,1.741296046,Morocco,MAR,31.791702,-7.09262
2012,,Monaco,MCO,43.750298,7.412841
2012,2.844887502,Moldova,MDA,47.411631,28.369885
2012,3.757003292,Montenegro,MNE,42.708678,19.37439
2012,0.119381318,Madagascar,MDG,-18.766947,46.869107
2012,2.662682221,Marshall Islands,MHL,7.131474,171.184478
2012,0.152028313,Mali,MLI,17.570692,-3.996166
2012,6.138738388,Mongolia,MNG,46.862496,103.846656
2012,,Northern Mariana Islands,MNP,17.33083,145.38469
2012,0.647779648,Mauritania,MRT,21.00789,-10.940835
2012,6.465283267,Malta,MLT,35.937496,14.375416
2012,2.966042988,Mauritius,MUS,-20.348404,57.552152
2012,0.069084312,Malawi,MWI,-13.254308,34.301525
2012,,Puerto Rico,PRI,18.220833,-66.590149
2012,0.096725919,Chad,TCD,15.454166,18.732207
2012,12.37044467,Palau,PLW,7.51498,134.58252
2012,12.22978367,Turkmenistan,TKM,38.969719,59.556278
2012,2.604725469,Tunisia,TUN,33.886917,9.537499
2012,1.01672527,Tonga,TON,-21.178986,-175.198242
2012,15.02904479,Trinidad and Tobago,TTO,10.691803,-61.222503
2012,0.902892943,Tuvalu,TUV,-7.109535,177.64933
2012,0.200641872,Tanzania,TZA,-6.369028,34.888822
2012,6.077865492,Ukraine,UKR,48.379433,31.16558
2012,0.110205336,Uganda,UGA,1.373333,32.290275
2012,15.78976015,United States,USA,37.09024,-95.712891
2012,2.526657951,Uruguay,URY,-32.522779,-55.765835
2012,3.799902601,Uzbekistan,UZB,41.377491,64.585262
2012,,British Virgin Islands,VGB,18.420695,-64.639968
2012,0.468301252,Vanuatu,VUT,-15.376706,166.959158
2012,0.999878864,Samoa,WSM,-13.759029,-172.104629
2012,,Kosovo,XKX,42.602636,20.902977
2012,8.034649259,South Africa,ZAF,-30.559482,22.937506
2012,0.273339673,Zambia,ZMB,-13.133897,27.849332
2012,0.901213848,Zimbabwe,ZWE,-19.015438,29.154857
2012,5.076714067,Liechtenstein,LIE,47.166,9.555373
2012,0.264047057,Timor-Leste,TLS,-8.874217,125.727539
2012,4.585926334,Portugal,PRT,39.399872,-8.224454
2012,0.378966219,Tajikistan,TJK,38.861034,71.276093
2012,0.322782996,Togo,TGO,8.619543,0.824782
2012,0.874070327,Paraguay,PRY,-23.442503,-58.443832
2012,39.58213952,Qatar,QAT,25.354826,51.183884
2012,4.080349845,Romania,ROU,45.943161,24.96676
2012,6.360565389,Serbia,SRB,44.016521,21.005859
2012,0.07510193,Rwanda,RWA,-1.940278,29.873888
2012,15.97801577,Saudi Arabia,SAU,23.885942,45.079162
2012,0.626317671,Solomon Islands,SLB,-9.64571,160.156194
2012,4.798251475,Seychelles,SYC,-4.679574,55.491977
2012,0.449556129,Sudan,SDN,12.862807,30.217636
2012,4.41169766,Sweden,SWE,60.128161,18.643501
2012,8.224530474,Singapore,SGP,1.352083,103.819836
2012,7.35169231,Slovenia,SVN,46.151241,14.995463
2012,0.125902489,Sierra Leone,SLE,8.460555,-11.779889
2012,,San Marino,SMR,43.94236,12.457777
2012,0.563383773,Senegal,SEN,14.497401,-14.452362
2012,0.05029611,Somalia,SOM,5.152149,46.199616
2012,4.374810746,Suriname,SUR,3.919305,-56.027783
2012,1.099055733,El Salvador,SLV,13.794185,-88.89653
2012,,Turks and Caicos Islands,TCA,21.694025,-71.797928
2012,3.705856454,Thailand,THA,15.870032,100.992541
2012,4.532362417,Lebanon,LBN,33.854721,35.862285
2012,14.5663226,Kazakhstan,KAZ,48.019573,66.923684
2012,,Cayman Islands,CYM,19.513469,-80.566956
2012,2.271417684,Brazil,BRA,-14.235004,-51.92528
2012,1.156355518,Bhutan,BTN,27.514162,90.433601
2012,1.569502511,Botswana,BWA,-22.328474,24.684866
2012,6.323630473,Belarus,BLR,53.709807,27.953389
2012,1.380470481,Belize,BLZ,17.189877,-88.49765
2012,15.73682394,Canada,CAN,56.130366,-106.346771
2012,0.041313086,Central African Republic,CAF,6.611111,20.939444
2012,5.316661125,Switzerland,CHE,46.818188,8.227512
2012,1.604681761,Bolivia,BOL,-16.290154,-63.588653
2012,4.521602782,Chile,CHL,-35.675147,-71.542969
2012,7.04520023,China,CHN,35.86166,104.195397
2012,1.533846498,Colombia,COL,4.570868,-74.297333
2012,1.572163789,Costa Rica,CRI,9.748917,-83.753428
2012,2.536932027,Cuba,CUB,21.521757,-77.781167
2012,6.137878321,Cyprus,CYP,35.126413,33.429859
2012,9.451289047,Germany,DEU,51.165691,10.451526
2012,0.5161915,Djibouti,DJI,11.825138,42.590275
2012,6.834607513,Denmark,DNK,56.26392,9.501785
2012,0.326477591,Cameroon,CMR,7.369722,12.354722
2012,,Bermuda,BMU,32.321384,-64.75737
2012,0.443845155,Benin,BEN,9.30769,2.315834
2012,0.037180418,Burundi,BDI,-3.373056,29.918886
2012,20.27565246,United Arab Emirates,ARE,23.424076,53.847818
2012,0.335061035,Afghanistan,AFG,33.93911,67.709953
2012,5.359627712,Antigua and Barbuda,ATG,17.060816,-61.796428
2012,1.565921402,Albania,ALB,41.153332,20.168331
2012,1.961453064,Armenia,ARM,40.069099,45.038189
2012,0.947583107,Angola,AGO,-11.202692,17.873887
2012,4.264111002,Argentina,ARG,-38.416097,-63.616672
2012,,American Samoa,ASM,-14.270972,-170.132217
2012,7.723851662,Austria,AUT,47.516231,14.550072
2012,17.40561767,Australia,AUS,-25.274398,133.775136
2012,,Aruba,ABW,12.52111,-69.968338
2012,3.239167347,Azerbaijan,AZE,40.143105,47.576927
2012,5.976582678,Bosnia and Herzegovina,BIH,43.915886,17.679076
2012,5.313671039,Barbados,BRB,13.193887,-59.543198
2012,0.387829235,Bangladesh,BGD,23.684994,90.356331
2012,8.578030369,Belgium,BEL,50.503887,4.469936
2012,0.157359014,Burkina Faso,BFA,12.238333,-1.561593
2012,6.162577362,Bulgaria,BGR,42.733883,25.48583
2012,22.18412509,Bahrain,BHR,25.930414,50.637772
2012,2.424224829,Dominica,DMA,15.414999,-61.370976
2012,2.161474933,Dominican Republic,DOM,18.735693,-70.162651
2012,6.86229282,Andorra,AND,42.546245,1.601554
2012,2.395077514,Ecuador,ECU,-1.831239,-78.183406
2012,4.07797621,Croatia,HRV,45.1,15.2
2012,0.238940563,Haiti,HTI,18.971187,-72.285215
2012,4.377582189,Hungary,HUN,47.162494,19.503304
2012,1.925450048,Indonesia,IDN,-0.789275,113.921327
2012,8.046360359,Ireland,IRL,53.41291,-8.24389
2012,9.615473105,Israel,ISR,31.046051,34.851612
2012,,Isle of Man,IMN,54.236107,-4.548056
2012,3.809431762,Iraq,IRQ,33.223191,43.679291
2012,5.799211764,Iceland,ISL,64.963051,-19.020835
2012,6.32766192,Italy,ITA,41.87194,12.56738
2012,2.521544001,Jamaica,JAM,18.109581,-77.297508
2012,3.344947068,Jordan,JOR,30.585164,36.238414
2012,9.827855738,Japan,JPN,36.204824,138.252924
2012,0.296879605,Kenya,KEN,-0.023559,37.906193
2012,0.383718005,Cambodia,KHM,12.565679,104.990963
2012,0.516941712,Kiribati,KIR,-3.370417,-168.734039
2012,0.233875244,Comoros,COM,-11.875001,43.872219
2012,25.1324211,Kuwait,KWT,29.31166,47.481766
2012,3.621367718,Algeria,DZA,28.033886,1.659626
2012,1.135689627,Honduras,HND,15.199999,-86.241905
2012,2.689370213,Guyana,GUY,4.860416,-58.93018
2012,1.498204123,India,IND,20.593684,78.96288
2012,,Guam,GUM,13.444304,144.793731
2012,0.14884581,Guinea-Bissau,GNB,11.803749,-15.180413
2012,0.192258737,Eritrea,ERI,15.179384,39.782334
2012,5.77854921,Spain,ESP,40.463667,-3.74922
2012,0.090618147,Ethiopia,ETH,9.145,40.489673
2012,9.126037062,Finland,FIN,61.92411,25.748151
2012,1.0904892,Fiji,FJI,-16.578193,179.414413
2012,5.152358494,France,FRA,46.227638,2.213749
2012,3.050010753,Gabon,GAB,-0.803689,11.609444
2012,7.344260926,United Kingdom,GBR,55.378051,-3.435973
2012,,Faroe Islands,FRO,61.892635,-6.911806
2012,1.929000551,Georgia,GEO,42.315407,43.356892
2012,0.824228643,Guatemala,GTM,15.783471,-90.230759
2012,2.403547519,Grenada,GRD,12.262776,-61.604171
2012,4.916825565,Equatorial Guinea,GNQ,1.650801,10.267895
2012,0.228832188,Guinea,GIN,9.945587,-9.696645
2012,7.250812154,Greece,GRC,39.074208,21.824312
2012,,Gibraltar,GIB,36.137741,-5.345374
2012,0.479415246,Ghana,GHA,7.946527,-1.023194
2012,12.8442212,Estonia,EST,58.595272,25.013607
2012,,Greenland,GRL,71.706936,-42.604303
2013,9.348141014,Netherlands,NLD,52.132633,5.291266
2013,0.16436497,Mozambique,MOZ,-18.665695,35.529562
2013,1.706683118,Namibia,NAM,-22.95764,18.49041
2013,,New Caledonia,NCL,-20.904305,165.618042
2013,0.105880498,Niger,NER,17.607789,8.081666
2013,0.618778681,Nigeria,NGA,9.081999,8.675277
2013,0.731005548,Nicaragua,NIC,12.865416,-85.207229
2013,7.801169496,Norway,NOR,60.472024,8.468946
2013,0.710993637,Pakistan,PAK,30.375321,69.345116
2013,4.423040958,Nauru,NRU,-0.522778,166.931503
2013,7.178023908,New Zealand,NZL,-40.900557,174.885971
2013,16.51052747,Oman,OMN,21.512583,55.923255
2013,2.682755401,Panama,PAN,8.537981,-80.782127
2013,1.656254081,Peru,PER,-9.189967,-75.015152
2013,,French Polynesia,PYF,-17.679742,-149.406843
2013,0.633608578,Papua New Guinea,PNG,-6.314993,143.95555
2013,0.957913716,Philippines,PHL,12.879721,121.774017
2013,7.402951013,Malaysia,MYS,4.210484,101.975766
2013,0.22233215,Nepal,NPL,28.394857,84.124008
2013,4.056055227,Mexico,MEX,23.634501,-102.552784
2013,0.683729265,Sri Lanka,LKA,7.873054,80.771797
2013,2.816124653,Maldives,MDV,3.202778,73.22068
2013,7.841820794,Poland,POL,51.919438,19.145136
2013,0.204460358,Liberia,LBR,6.428055,-9.429499
2013,1.063917502,Lesotho,LSO,-29.609988,28.233608
2013,3.831065403,Lithuania,LTU,55.169438,23.881275
2013,18.72294611,Luxembourg,LUX,49.815273,6.129583
2013,3.702785436,Latvia,LVA,56.879635,24.603189
2013,9.985813389,Libya,LBY,26.3351,17.228331
2013,1.703831082,Morocco,MAR,31.791702,-7.09262
2013,,Monaco,MCO,43.750298,7.412841
2013,2.511402112,Moldova,MDA,47.411631,28.369885
2013,3.649830089,Montenegro,MNE,42.708678,19.37439
2013,0.124225069,Madagascar,MDG,-18.766947,46.869107
2013,2.77107026,Marshall Islands,MHL,7.131474,171.184478
2013,0.165466628,Mali,MLI,17.570692,-3.996166
2013,6.461561118,Mongolia,MNG,46.862496,103.846656
2013,,Northern Mariana Islands,MNP,17.33083,145.38469
2013,0.561374036,Mauritania,MRT,21.00789,-10.940835
2013,5.567332681,Malta,MLT,35.937496,14.375416
2013,3.032741374,Mauritius,MUS,-20.348404,57.552152
2013,0.072034085,Malawi,MWI,-13.254308,34.301525
2013,,Puerto Rico,PRI,18.220833,-66.590149
2013,0.112528284,Chad,TCD,15.454166,18.732207
2013,12.41786015,Palau,PLW,7.51498,134.58252
2013,11.47309533,Turkmenistan,TKM,38.969719,59.556278
2013,2.53107798,Tunisia,TUN,33.886917,9.537499
2013,1.071071725,Tonga,TON,-21.178986,-175.198242
2013,15.39935685,Trinidad and Tobago,TTO,10.691803,-61.222503
2013,0.79684924,Tuvalu,TUV,-7.109535,177.64933
2013,0.217202208,Tanzania,TZA,-6.369028,34.888822
2013,5.941323178,Ukraine,UKR,48.379433,31.16558
2013,0.104732807,Uganda,UGA,1.373333,32.290275
2013,16.11117526,United States,USA,37.09024,-95.712891
2013,2.176045049,Uruguay,URY,-32.522779,-55.765835
2013,3.698566951,Uzbekistan,UZB,41.377491,64.585262
2013,,British Virgin Islands,VGB,18.420695,-64.639968
2013,0.424613143,Vanuatu,VUT,-15.376706,166.959158
2013,0.983800059,Samoa,WSM,-13.759029,-172.104629
2013,,Kosovo,XKX,42.602636,20.902977
2013,8.116434954,South Africa,ZAF,-30.559482,22.937506
2013,0.278215076,Zambia,ZMB,-13.133897,27.849332
2013,0.901248224,Zimbabwe,ZWE,-19.015438,29.154857
2013,5.23134508,Liechtenstein,LIE,47.166,9.555373
2013,0.313717387,Timor-Leste,TLS,-8.874217,125.727539
2013,4.451935228,Portugal,PRT,39.399872,-8.224454
2013,0.392681965,Tajikistan,TJK,38.861034,71.276093
2013,0.246122099,Togo,TGO,8.619543,0.824782
2013,0.882701828,Paraguay,PRY,-23.442503,-58.443832
2013,37.60288008,Qatar,QAT,25.354826,51.183884
2013,3.607471352,Romania,ROU,45.943161,24.96676
2013,6.486829109,Serbia,SRB,44.016521,21.005859
2013,0.081403613,Rwanda,RWA,-1.940278,29.873888
2013,15.98391907,Saudi Arabia,SAU,23.885942,45.079162
2013,0.667965966,Solomon Islands,SLB,-9.64571,160.156194
2013,4.582596805,Seychelles,SYC,-4.679574,55.491977
2013,0.440480408,Sudan,SDN,12.862807,30.217636
2013,4.206927664,Sweden,SWE,60.128161,18.643501
2013,8.133169555,Singapore,SGP,1.352083,103.819836
2013,7.062345597,Slovenia,SVN,46.151241,14.995463
2013,0.148000125,Sierra Leone,SLE,8.460555,-11.779889
2013,,San Marino,SMR,43.94236,12.457777
2013,0.589383333,Senegal,SEN,14.497401,-14.452362
2013,0.050527194,Somalia,SOM,5.152149,46.199616
2013,4.060328364,Suriname,SUR,3.919305,-56.027783
2013,1.043675014,El Salvador,SLV,13.794185,-88.89653
2013,,Turks and Caicos Islands,TCA,21.694025,-71.797928
2013,3.80405746,Thailand,THA,15.870032,100.992541
2013,4.093169551,Lebanon,LBN,33.854721,35.862285
2013,15.26310479,Kazakhstan,KAZ,48.019573,66.923684
2013,,Cayman Islands,CYM,19.513469,-80.566956
2013,2.413446537,Brazil,BRA,-14.235004,-51.92528
2013,1.245731517,Bhutan,BTN,27.514162,90.433601
2013,2.445132726,Botswana,BWA,-22.328474,24.684866
2013,6.342249474,Belarus,BLR,53.709807,27.953389
2013,1.326997168,Belize,BLZ,17.189877,-88.49765
2013,15.84080976,Canada,CAN,56.130366,-106.346771
2013,0.025112297,Central African Republic,CAF,6.611111,20.939444
2013,5.381300293,Switzerland,CHE,46.818188,8.227512
2013,1.686987922,Bolivia,BOL,-16.290154,-63.588653
2013,4.740083124,Chile,CHL,-35.675147,-71.542969
2013,7.320154925,China,CHN,35.86166,104.195397
2013,1.680987882,Colombia,COL,4.570868,-74.297333
2013,1.623425478,Costa Rica,CRI,9.748917,-83.753428
2013,2.549971166,Cuba,CUB,21.521757,-77.781167
2013,5.508034496,Cyprus,CYP,35.126413,33.429859
2013,9.624229367,Germany,DEU,51.165691,10.451526
2013,0.575032956,Djibouti,DJI,11.825138,42.590275
2013,7.11686268,Denmark,DNK,56.26392,9.501785
2013,0.347933814,Cameroon,CMR,7.369722,12.354722
2013,,Bermuda,BMU,32.321384,-64.75737
2013,0.453634929,Benin,BEN,9.30769,2.315834
2013,0.036100027,Burundi,BDI,-3.373056,29.918886
2013,21.13391608,United Arab Emirates,ARE,23.424076,53.847818
2013,0.298087813,Afghanistan,AFG,33.93911,67.709953
2013,5.343683967,Antigua and Barbuda,ATG,17.060816,-61.796428
2013,1.656389503,Albania,ALB,41.153332,20.168331
2013,1.896163384,Armenia,ARM,40.069099,45.038189
2013,1.031043636,Angola,AGO,-11.202692,17.873887
2013,4.34225013,Argentina,ARG,-38.416097,-63.616672
2013,,American Samoa,ASM,-14.270972,-170.132217
2013,7.754017979,Austria,AUT,47.516231,14.550072
2013,16.7945881,Australia,AUS,-25.274398,133.775136
2013,,Aruba,ABW,12.52111,-69.968338
2013,3.285574369,Azerbaijan,AZE,40.143105,47.576927
2013,6.039376276,Bosnia and Herzegovina,BIH,43.915886,17.679076
2013,5.199176494,Barbados,BRB,13.193887,-59.543198
2013,0.408788179,Bangladesh,BGD,23.684994,90.356331
2013,8.651947187,Belgium,BEL,50.503887,4.469936
2013,0.167097518,Burkina Faso,BFA,12.238333,-1.561593
2013,5.45906018,Bulgaria,BGR,42.733883,25.48583
2013,22.86884161,Bahrain,BHR,25.930414,50.637772
2013,2.490591261,Dominica,DMA,15.414999,-61.370976
2013,2.09580517,Dominican Republic,DOM,18.735693,-70.162651
2013,6.674233189,Andorra,AND,42.546245,1.601554
2013,2.525035157,Ecuador,ECU,-1.831239,-78.183406
2013,3.997143588,Croatia,HRV,45.1,15.2
2013,0.258338055,Haiti,HTI,18.971187,-72.285215
2013,4.120313569,Hungary,HUN,47.162494,19.503304
2013,1.770402032,Indonesia,IDN,-0.789275,113.921327
2013,7.718343463,Ireland,IRL,53.41291,-8.24389
2013,8.313480985,Israel,ISR,31.046051,34.851612
2013,,Isle of Man,IMN,54.236107,-4.548056
2013,3.920421174,Iraq,IRQ,33.223191,43.679291
2013,6.27555874,Iceland,ISL,64.963051,-19.020835
2013,5.751877662,Italy,ITA,41.87194,12.56738
2013,2.669295226,Jamaica,JAM,18.109581,-77.297508
2013,3.093473085,Jordan,JOR,30.585164,36.238414
2013,9.944495272,Japan,JPN,36.204824,138.252924
2013,0.321208738,Kenya,KEN,-0.023559,37.906193
2013,0.38251475,Cambodia,KHM,12.565679,104.990963
2013,0.563052131,Kiribati,KIR,-3.370417,-168.734039
2013,0.274809728,Comoros,COM,-11.875001,43.872219
2013,23.95814308,Kuwait,KWT,29.31166,47.481766
2013,3.658468679,Algeria,DZA,28.033886,1.659626
2013,1.080835925,Honduras,HND,15.199999,-86.241905
2013,2.643226031,Guyana,GUY,4.860416,-58.93018
2013,1.5276744,India,IND,20.593684,78.96288
2013,,Guam,GUM,13.444304,144.793731
2013,0.145722022,Guinea-Bissau,GNB,11.803749,-15.180413
2013,0.178812007,Eritrea,ERI,15.179384,39.782334
2013,5.229400787,Spain,ESP,40.463667,-3.74922
2013,0.104968497,Ethiopia,ETH,9.145,40.489673
2013,9.228085749,Finland,FIN,61.92411,25.748151
2013,1.167985654,Fiji,FJI,-16.578193,179.414413
2013,5.127899428,France,FRA,46.227638,2.213749
2013,3.043944305,Gabon,GAB,-0.803689,11.609444
2013,7.076100428,United Kingdom,GBR,55.378051,-3.435973
2013,,Faroe Islands,FRO,61.892635,-6.911806
2013,2.158342273,Georgia,GEO,42.315407,43.356892
2013,0.867210614,Guatemala,GTM,15.783471,-90.230759
2013,2.711531062,Grenada,GRD,12.262776,-61.604171
2013,4.815340921,Equatorial Guinea,GNQ,1.650801,10.267895
2013,0.195379103,Guinea,GIN,9.945587,-9.696645
2013,6.610378952,Greece,GRC,39.074208,21.824312
2013,,Gibraltar,GIB,36.137741,-5.345374
2013,0.504973607,Ghana,GHA,7.946527,-1.023194
2013,14.2993497,Estonia,EST,58.595272,25.013607
2013,,Greenland,GRL,71.706936,-42.604303
2014,0.766443602,Nicaragua,NIC,12.865416,-85.207229
2014,7.719435953,Malaysia,MYS,4.210484,101.975766
2014,0.185235794,Mozambique,MOZ,-18.665695,35.529562
2014,1.753053164,Namibia,NAM,-22.95764,18.49041
2014,,New Caledonia,NCL,-20.904305,165.618042
2014,0.111334836,Niger,NER,17.607789,8.081666
2014,0.640072081,Nigeria,NGA,9.081999,8.675277
2014,8.881905066,Netherlands,NLD,52.132633,5.291266
2014,1.00490795,Philippines,PHL,12.879721,121.774017
2014,0.259710599,Nepal,NPL,28.394857,84.124008
2014,4.625228519,Nauru,NRU,-0.522778,166.931503
2014,7.078644968,New Zealand,NZL,-40.900557,174.885971
2014,16.55831353,Oman,OMN,21.512583,55.923255
2014,2.766436784,Panama,PAN,8.537981,-80.782127
2014,1.751594051,Peru,PER,-9.189967,-75.015152
2014,,French Polynesia,PYF,-17.679742,-149.406843
2014,0.689602374,Papua New Guinea,PNG,-6.314993,143.95555
2014,3.892355248,Mexico,MEX,23.634501,-102.552784
2014,7.716801577,Norway,NOR,60.472024,8.468946
2014,0.063454434,Malawi,MWI,-13.254308,34.301525
2014,4.347077043,Liechtenstein,LIE,47.166,9.555373
2014,3.131442236,Mauritius,MUS,-20.348404,57.552152
2014,0.74061942,Pakistan,PAK,30.375321,69.345116
2014,0.821974874,Sri Lanka,LKA,7.873054,80.771797
2014,0.266650558,Liberia,LBR,6.428055,-9.429499
2014,1.121111547,Lesotho,LSO,-29.609988,28.233608
2014,3.704481738,Lithuania,LTU,55.169438,23.881275
2014,17.3339397,Luxembourg,LUX,49.815273,6.129583
2014,3.65250564,Latvia,LVA,56.879635,24.603189
2014,9.72308866,Libya,LBY,26.3351,17.228331
2014,1.713696176,Morocco,MAR,31.791702,-7.09262
2014,,Monaco,MCO,43.750298,7.412841
2014,2.698635146,Moldova,MDA,47.411631,28.369885
2014,3.567649282,Montenegro,MNE,42.708678,19.37439
2014,0.124323711,Madagascar,MDG,-18.766947,46.869107
2014,2.858049545,Marshall Islands,MHL,7.131474,171.184478
2014,0.180858799,Mali,MLI,17.570692,-3.996166
2014,6.242888388,Mongolia,MNG,46.862496,103.846656
2014,,Northern Mariana Islands,MNP,17.33083,145.38469
2014,0.659480939,Mauritania,MRT,21.00789,-10.940835
2014,5.422291156,Malta,MLT,35.937496,14.375416
2014,3.251923271,Maldives,MDV,3.202778,73.22068
2014,7.516889192,Poland,POL,51.919438,19.145136
2014,0.108278189,Chad,TCD,15.454166,18.732207
2014,12.23870533,Palau,PLW,7.51498,134.58252
2014,10.98134043,Turkmenistan,TKM,38.969719,59.556278
2014,2.710310695,Tunisia,TUN,33.886917,9.537499
2014,1.063530471,Tonga,TON,-21.178986,-175.198242
2014,15.17528906,Trinidad and Tobago,TTO,10.691803,-61.222503
2014,0.779888063,Tuvalu,TUV,-7.109535,177.64933
2014,0.198919396,Tanzania,TZA,-6.369028,34.888822
2014,5.251101919,Ukraine,UKR,48.379433,31.16558
2014,0.113169832,Uganda,UGA,1.373333,32.290275
2014,16.04091676,United States,USA,37.09024,-95.712891
2014,1.91658249,Uruguay,URY,-32.522779,-55.765835
2014,3.40963401,Uzbekistan,UZB,41.377491,64.585262
2014,,British Virgin Islands,VGB,18.420695,-64.639968
2014,0.58867768,Vanuatu,VUT,-15.376706,166.959158
2014,1.027473644,Samoa,WSM,-13.759029,-172.104629
2014,,Kosovo,XKX,42.602636,20.902977
2014,8.191152527,South Africa,ZAF,-30.559482,22.937506
2014,0.297754584,Zambia,ZMB,-13.133897,27.849332
2014,0.866838489,Zimbabwe,ZWE,-19.015438,29.154857
2014,4.008547829,Lebanon,LBN,33.854721,35.862285
2014,0.379632521,Timor-Leste,TLS,-8.874217,125.727539
2014,4.416000981,Portugal,PRT,39.399872,-8.224454
2014,0.550493446,Tajikistan,TJK,38.861034,71.276093
2014,0.217949578,Togo,TGO,8.619543,0.824782
2014,0.924028535,Paraguay,PRY,-23.442503,-58.443832
2014,37.1050344,Qatar,QAT,25.354826,51.183884
2014,3.593303303,Romania,ROU,45.943161,24.96676
2014,5.466697221,Serbia,SRB,44.016521,21.005859
2014,0.081270527,Rwanda,RWA,-1.940278,29.873888
2014,16.82523613,Saudi Arabia,SAU,23.885942,45.079162
2014,0.570328521,Solomon Islands,SLB,-9.64571,160.156194
2014,4.998960146,Seychelles,SYC,-4.679574,55.491977
2014,0.450190247,Sudan,SDN,12.862807,30.217636
2014,4.021509657,Sweden,SWE,60.128161,18.643501
2014,8.117137172,Singapore,SGP,1.352083,103.819836
2014,6.359276036,Slovenia,SVN,46.151241,14.995463
2014,0.15931238,Sierra Leone,SLE,8.460555,-11.779889
2014,,San Marino,SMR,43.94236,12.457777
2014,0.613587045,Senegal,SEN,14.497401,-14.452362
2014,0.048530212,Somalia,SOM,5.152149,46.199616
2014,4.599057018,Suriname,SUR,3.919305,-56.027783
2014,1.061626926,El Salvador,SLV,13.794185,-88.89653
2014,,Turks and Caicos Islands,TCA,21.694025,-71.797928
2014,3.736041694,Thailand,THA,15.870032,100.992541
2014,12.10422549,Kazakhstan,KAZ,48.019573,66.923684
2014,,Puerto Rico,PRI,18.220833,-66.590149
2014,22.74999043,Kuwait,KWT,29.31166,47.481766
2014,2.51459196,Brazil,BRA,-14.235004,-51.92528
2014,1.374876588,Bhutan,BTN,27.514162,90.433601
2014,3.091924529,Botswana,BWA,-22.328474,24.684866
2014,6.290067804,Belarus,BLR,53.709807,27.953389
2014,1.372841188,Belize,BLZ,17.189877,-88.49765
2014,15.85217722,Canada,CAN,56.130366,-106.346771
2014,0.027173834,Central African Republic,CAF,6.611111,20.939444
2014,4.85956841,Switzerland,CHE,46.818188,8.227512
2014,1.7842194,Bolivia,BOL,-16.290154,-63.588653
2014,4.328593459,Chile,CHL,-35.675147,-71.542969
2014,7.304712872,China,CHN,35.86166,104.195397
2014,1.715820964,Colombia,COL,4.570868,-74.297333
2014,1.616811387,Costa Rica,CRI,9.748917,-83.753428
2014,2.354133321,Cuba,CUB,21.521757,-77.781167
2014,5.787450244,Cyprus,CYP,35.126413,33.429859
2014,9.088527768,Germany,DEU,51.165691,10.451526
2014,0.406607306,Djibouti,DJI,11.825138,42.590275
2014,6.347153128,Denmark,DNK,56.26392,9.501785
2014,0.368742288,Cameroon,CMR,7.369722,12.354722
2014,,Bermuda,BMU,32.321384,-64.75737
2014,0.488570534,Benin,BEN,9.30769,2.315834
2014,0.034759697,Burundi,BDI,-3.373056,29.918886
2014,21.12277445,United Arab Emirates,ARE,23.424076,53.847818
2014,0.283692396,Afghanistan,AFG,33.93911,67.709953
2014,5.34089381,Antigua and Barbuda,ATG,17.060816,-61.796428
2014,1.795712442,Albania,ALB,41.153332,20.168331
2014,1.895893672,Armenia,ARM,40.069099,45.038189
2014,1.091497057,Angola,AGO,-11.202692,17.873887
2014,4.209111895,Argentina,ARG,-38.416097,-63.616672
2014,,American Samoa,ASM,-14.270972,-170.132217
2014,7.260930858,Austria,AUT,47.516231,14.550072
2014,16.15574514,Australia,AUS,-25.274398,133.775136
2014,,Aruba,ABW,12.52111,-69.968338
2014,3.381555622,Azerbaijan,AZE,40.143105,47.576927
2014,5.46245549,Bosnia and Herzegovina,BIH,43.915886,17.679076
2014,4.620188617,Barbados,BRB,13.193887,-59.543198
2014,0.425189457,Bangladesh,BGD,23.684994,90.356331
2014,8.061552368,Belgium,BEL,50.503887,4.469936
2014,0.164943647,Burkina Faso,BFA,12.238333,-1.561593
2014,5.821533906,Bulgaria,BGR,42.733883,25.48583
2014,23.09657136,Bahrain,BHR,25.930414,50.637772
2014,2.594744201,Dominica,DMA,15.414999,-61.370976
2014,2.086214753,Dominican Republic,DOM,18.735693,-70.162651
2014,6.445930663,Andorra,AND,42.546245,1.601554
2014,3.811521147,Algeria,DZA,28.033886,1.659626
2014,1.08285131,Honduras,HND,15.199999,-86.241905
2014,3.830795144,Croatia,HRV,45.1,15.2
2014,0.290138811,Haiti,HTI,18.971187,-72.285215
2014,4.117501825,Hungary,HUN,47.162494,19.503304
2014,1.891427827,Indonesia,IDN,-0.789275,113.921327
2014,7.633852469,Ireland,IRL,53.41291,-8.24389
2014,7.877332425,Israel,ISR,31.046051,34.851612
2014,1.642465277,India,IND,20.593684,78.96288
2014,3.647856089,Iraq,IRQ,33.223191,43.679291
2014,6.254085392,Iceland,ISL,64.963051,-19.020835
2014,5.38744256,Italy,ITA,41.87194,12.56738
2014,2.582578182,Jamaica,JAM,18.109581,-77.297508
2014,2.951377138,Jordan,JOR,30.585164,36.238414
2014,9.564305918,Japan,JPN,36.204824,138.252924
2014,0.364375326,Kenya,KEN,-0.023559,37.906193
2014,0.456727604,Cambodia,KHM,12.565679,104.990963
2014,0.522676871,Kiribati,KIR,-3.370417,-168.734039
2014,0.240550117,Comoros,COM,-11.875001,43.872219
2014,,Cayman Islands,CYM,19.513469,-80.566956
2014,2.747100777,Guyana,GUY,4.860416,-58.93018
2014,0.151206699,Guinea-Bissau,GNB,11.803749,-15.180413
2014,,Isle of Man,IMN,54.236107,-4.548056
2014,0.914557102,Guatemala,GTM,15.783471,-90.230759
2014,,Guam,GUM,13.444304,144.793731
2014,13.38478333,Estonia,EST,58.595272,25.013607
2014,0.178195687,Eritrea,ERI,15.179384,39.782334
2014,5.206009215,Spain,ESP,40.463667,-3.74922
2014,0.1252201,Ethiopia,ETH,9.145,40.489673
2014,8.452183205,Finland,FIN,61.92411,25.748151
2014,,Faroe Islands,FRO,61.892635,-6.911806
2014,4.614807136,France,FRA,46.227638,2.213749
2014,3.031260566,Gabon,GAB,-0.803689,11.609444
2014,1.325527546,Fiji,FJI,-16.578193,179.414413
2014,2.148814973,Grenada,GRD,12.262776,-61.604171
2014,6.385059031,Greece,GRC,39.074208,21.824312
2014,6.433347,United Kingdom,GBR,55.378051,-3.435973
2014,0.196384745,Guinea,GIN,9.945587,-9.696645
2014,,Greenland,GRL,71.706936,-42.604303
2014,4.5913203,Equatorial Guinea,GNQ,1.650801,10.267895
2014,0.474057678,Ghana,GHA,7.946527,-1.023194
2014,2.326710605,Georgia,GEO,42.315407,43.356892
2014,2.619452044,Ecuador,ECU,-1.831239,-78.183406
2014,,Gibraltar,GIB,36.137741,-5.345374
2015,9.290242937,Netherlands,NLD,52.132633,5.291266
2015,0.204084856,Mozambique,MOZ,-18.665695,35.529562
2015,1.812455754,Namibia,NAM,-22.95764,18.49041
2015,,New Caledonia,NCL,-20.904305,165.618042
2015,0.104907442,Niger,NER,17.607789,8.081666
2015,0.585591675,Nigeria,NGA,9.081999,8.675277
2015,0.839345518,Nicaragua,NIC,12.865416,-85.207229
2015,7.764858661,Norway,NOR,60.472024,8.468946
2015,0.778086203,Pakistan,PAK,30.375321,69.345116
2015,4.872597228,Nauru,NRU,-0.522778,166.931503
2015,7.003340999,New Zealand,NZL,-40.900557,174.885971
2015,16.73078428,Oman,OMN,21.512583,55.923255
2015,2.681231882,Panama,PAN,8.537981,-80.782127
2015,1.776300578,Peru,PER,-9.189967,-75.015152
2015,,French Polynesia,PYF,-17.679742,-149.406843
2015,0.733652654,Papua New Guinea,PNG,-6.314993,143.95555
2015,1.077253514,Philippines,PHL,12.879721,121.774017
2015,7.603420444,Malaysia,MYS,4.210484,101.975766
2015,0.260272199,Nepal,NPL,28.394857,84.124008
2015,3.925368326,Mexico,MEX,23.634501,-102.552784
2015,0.901775003,Sri Lanka,LKA,7.873054,80.771797
2015,3.074736789,Maldives,MDV,3.202778,73.22068
2015,7.610021183,Poland,POL,51.919438,19.145136
2015,0.270535775,Liberia,LBR,6.428055,-9.429499
2015,1.012121192,Lesotho,LSO,-29.609988,28.233608
2015,3.809894282,Lithuania,LTU,55.169438,23.881275
2015,16.03464863,Luxembourg,LUX,49.815273,6.129583
2015,3.699519653,Latvia,LVA,56.879635,24.603189
2015,8.289607872,Libya,LBY,26.3351,17.228331
2015,1.74053353,Morocco,MAR,31.791702,-7.09262
2015,,Monaco,MCO,43.750298,7.412841
2015,2.828160162,Moldova,MDA,47.411631,28.369885
2015,3.791795988,Montenegro,MNE,42.708678,19.37439
2015,0.132173016,Madagascar,MDG,-18.766947,46.869107
2015,2.960939081,Marshall Islands,MHL,7.131474,171.184478
2015,0.184608688,Mali,MLI,17.570692,-3.996166
2015,5.835434973,Mongolia,MNG,46.862496,103.846656
2015,,Northern Mariana Islands,MNP,17.33083,145.38469
2015,0.751732037,Mauritania,MRT,21.00789,-10.940835
2015,3.723376766,Malta,MLT,35.937496,14.375416
2015,3.136404992,Mauritius,MUS,-20.348404,57.552152
2015,0.064320428,Malawi,MWI,-13.254308,34.301525
2015,,Puerto Rico,PRI,18.220833,-66.590149
2015,0.104563037,Chad,TCD,15.454166,18.732207
2015,11.29032258,Palau,PLW,7.51498,134.58252
2015,11.06015142,Turkmenistan,TKM,38.969719,59.556278
2015,2.736460007,Tunisia,TUN,33.886917,9.537499
2015,1.035600535,Tonga,TON,-21.178986,-175.198242
2015,14.59453203,Trinidad and Tobago,TTO,10.691803,-61.222503
2015,0.707915786,Tuvalu,TUV,-7.109535,177.64933
2015,0.204897632,Tanzania,TZA,-6.369028,34.888822
2015,4.231466707,Ukraine,UKR,48.379433,31.16558
2015,0.125731922,Uganda,UGA,1.373333,32.290275
2015,15.56001544,United States,USA,37.09024,-95.712891
2015,1.956378507,Uruguay,URY,-32.522779,-55.765835
2015,3.17449495,Uzbekistan,UZB,41.377491,64.585262
2015,,British Virgin Islands,VGB,18.420695,-64.639968
2015,0.485823223,Vanuatu,VUT,-15.376706,166.959158
2015,1.141125209,Samoa,WSM,-13.759029,-172.104629
2015,,Kosovo,XKX,42.602636,20.902977
2015,7.607188524,South Africa,ZAF,-30.559482,22.937506
2015,0.305054766,Zambia,ZMB,-13.133897,27.849332
2015,0.846962441,Zimbabwe,ZWE,-19.015438,29.154857
2015,4.277172909,Liechtenstein,LIE,47.166,9.555373
2015,0.36257695,Timor-Leste,TLS,-8.874217,125.727539
2015,4.812853275,Portugal,PRT,39.399872,-8.224454
2015,0.575406353,Tajikistan,TJK,38.861034,71.276093
2015,0.244285302,Togo,TGO,8.619543,0.824782
2015,1.030681699,Paraguay,PRY,-23.442503,-58.443832
2015,35.29042195,Qatar,QAT,25.354826,51.183884
2015,3.699829468,Romania,ROU,45.943161,24.96676
2015,6.399950503,Serbia,SRB,44.016521,21.005859
2015,0.092797716,Rwanda,RWA,-1.940278,29.873888
2015,17.25779307,Saudi Arabia,SAU,23.885942,45.079162
2015,0.496360134,Solomon Islands,SLB,-9.64571,160.156194
2015,5.350089382,Seychelles,SYC,-4.679574,55.491977
2015,0.504548222,Sudan,SDN,12.862807,30.217636
2015,3.992178534,Sweden,SWE,60.128161,18.643501
2015,8.208109049,Singapore,SGP,1.352083,103.819836
2015,6.367580618,Slovenia,SVN,46.151241,14.995463
2015,0.148261607,Sierra Leone,SLE,8.460555,-11.779889
2015,,San Marino,SMR,43.94236,12.457777
2015,0.646794576,Senegal,SEN,14.497401,-14.452362
2015,0.046948882,Somalia,SOM,5.152149,46.199616
2015,4.733654807,Suriname,SUR,3.919305,-56.027783
2015,1.123018116,El Salvador,SLV,13.794185,-88.89653
2015,,Turks and Caicos Islands,TCA,21.694025,-71.797928
2015,3.824676098,Thailand,THA,15.870032,100.992541
2015,4.222074281,Lebanon,LBN,33.854721,35.862285
2015,10.89105129,Kazakhstan,KAZ,48.019573,66.923684
2015,,Cayman Islands,CYM,19.513469,-80.566956
2015,2.365360621,Brazil,BRA,-14.235004,-51.92528
2015,1.402040163,Bhutan,BTN,27.514162,90.433601
2015,3.014835776,Botswana,BWA,-22.328474,24.684866
2015,5.799689169,Belarus,BLR,53.709807,27.953389
2015,1.875949993,Belize,BLZ,17.189877,-88.49765
2015,15.64990728,Canada,CAN,56.130366,-106.346771
2015,0.038262556,Central African Republic,CAF,6.611111,20.939444
2015,4.719745349,Switzerland,CHE,46.818188,8.227512
2015,1.803674183,Bolivia,BOL,-16.290154,-63.588653
2015,4.603236105,Chile,CHL,-35.675147,-71.542969
2015,7.145131535,China,CHN,35.86166,104.195397
2015,1.719390231,Colombia,COL,4.570868,-74.297333
2015,1.539842157,Costa Rica,CRI,9.748917,-83.753428
2015,2.575844183,Cuba,CUB,21.521757,-77.781167
2015,5.771090223,Cyprus,CYP,35.126413,33.429859
2015,9.087344804,Germany,DEU,51.165691,10.451526
2015,0.443772428,Djibouti,DJI,11.825138,42.590275
2015,5.930324767,Denmark,DNK,56.26392,9.501785
2015,0.369370823,Cameroon,CMR,7.369722,12.354722
2015,,Bermuda,BMU,32.321384,-64.75737
2015,0.503586324,Benin,BEN,9.30769,2.315834
2015,0.034193618,Burundi,BDI,-3.373056,29.918886
2015,21.91450189,United Arab Emirates,ARE,23.424076,53.847818
2015,0.297971775,Afghanistan,AFG,33.93911,67.709953
2015,5.450239602,Antigua and Barbuda,ATG,17.060816,-61.796428
2015,1.665218525,Albania,ALB,41.153332,20.168331
2015,1.85625279,Armenia,ARM,40.069099,45.038189
2015,1.125185364,Angola,AGO,-11.202692,17.873887
2015,4.301913806,Argentina,ARG,-38.416097,-63.616672
2015,,American Samoa,ASM,-14.270972,-170.132217
2015,7.318859537,Austria,AUT,47.516231,14.550072
2015,16.19845822,Australia,AUS,-25.274398,133.775136
2015,,Aruba,ABW,12.52111,-69.968338
2015,3.292794814,Azerbaijan,AZE,40.143105,47.576927
2015,5.569578733,Bosnia and Herzegovina,BIH,43.915886,17.679076
2015,4.565435499,Barbados,BRB,13.193887,-59.543198
2015,0.463517075,Bangladesh,BGD,23.684994,90.356331
2015,8.434836506,Belgium,BEL,50.503887,4.469936
2015,0.2031091,Burkina Faso,BFA,12.238333,-1.561593
2015,6.207377524,Bulgaria,BGR,42.733883,25.48583
2015,22.38562499,Bahrain,BHR,25.930414,50.637772
2015,2.584027312,Dominica,DMA,15.414999,-61.370976
2015,2.267046018,Dominican Republic,DOM,18.735693,-70.162651
2015,6.485769241,Andorra,AND,42.546245,1.601554
2015,2.555603263,Ecuador,ECU,-1.831239,-78.183406
2015,3.94953949,Croatia,HRV,45.1,15.2
2015,0.310537245,Haiti,HTI,18.971187,-72.285215
2015,4.407596931,Hungary,HUN,47.162494,19.503304
2015,1.887564481,Indonesia,IDN,-0.789275,113.921327
2015,7.887609351,Ireland,IRL,53.41291,-8.24389
2015,7.913354256,Israel,ISR,31.046051,34.851612
2015,,Isle of Man,IMN,54.236107,-4.548056
2015,3.526944212,Iraq,IRQ,33.223191,43.679291
2015,6.219488234,Iceland,ISL,64.963051,-19.020835
2015,5.563294289,Italy,ITA,41.87194,12.56738
2015,2.536711225,Jamaica,JAM,18.109581,-77.297508
2015,2.66573038,Jordan,JOR,30.585164,36.238414
2015,9.268049646,Japan,JPN,36.204824,138.252924
2015,0.386120074,Kenya,KEN,-0.023559,37.906193
2015,0.546949079,Cambodia,KHM,12.565679,104.990963
2015,0.520105906,Kiribati,KIR,-3.370417,-168.734039
2015,0.254582206,Comoros,COM,-11.875001,43.872219
2015,22.77502,Kuwait,KWT,29.31166,47.481766
2015,3.951960939,Algeria,DZA,28.033886,1.659626
2015,1.133809708,Honduras,HND,15.199999,-86.241905
2015,2.754761063,Guyana,GUY,4.860416,-58.93018
2015,1.631323487,India,IND,20.593684,78.96288
2015,,Guam,GUM,13.444304,144.793731
2015,0.157581198,Guinea-Bissau,GNB,11.803749,-15.180413
2015,0.170927837,Eritrea,ERI,15.179384,39.782334
2015,5.538855216,Spain,ESP,40.463667,-3.74922
2015,0.127315885,Ethiopia,ETH,9.145,40.489673
2015,7.813697924,Finland,FIN,61.92411,25.748151
2015,1.377889228,Fiji,FJI,-16.578193,179.414413
2015,4.675935087,France,FRA,46.227638,2.213749
2015,3.014911879,Gabon,GAB,-0.803689,11.609444
2015,6.159376361,United Kingdom,GBR,55.378051,-3.435973
2015,,Faroe Islands,FRO,61.892635,-6.911806
2015,2.523141909,Georgia,GEO,42.315407,43.356892
2015,1.057073109,Guatemala,GTM,15.783471,-90.230759
2015,2.291141368,Grenada,GRD,12.262776,-61.604171
2015,4.078923631,Equatorial Guinea,GNQ,1.650801,10.267895
2015,0.216953418,Guinea,GIN,9.945587,-9.696645
2015,6.285087825,Greece,GRC,39.074208,21.824312
2015,,Gibraltar,GIB,36.137741,-5.345374
2015,0.49602474,Ghana,GHA,7.946527,-1.023194
2015,10.92977307,Estonia,EST,58.595272,25.013607
2015,,Greenland,GRL,71.706936,-42.604303
2016,9.306892404,Netherlands,NLD,52.132633,5.291266
2016,0.261542138,Mozambique,MOZ,-18.665695,35.529562
2016,1.78707316,Namibia,NAM,-22.95764,18.49041
2016,,New Caledonia,NCL,-20.904305,165.618042
2016,0.100195285,Niger,NER,17.607789,8.081666
2016,0.587371085,Nigeria,NGA,9.081999,8.675277
2016,0.846846297,Nicaragua,NIC,12.865416,-85.207229
2016,7.56103856,Norway,NOR,60.472024,8.468946
2016,0.848207169,Pakistan,PAK,30.375321,69.345116
2016,4.607851709,Nauru,NRU,-0.522778,166.931503
2016,6.615409092,New Zealand,NZL,-40.900557,174.885971
2016,16.415746,Oman,OMN,21.512583,55.923255
2016,2.645680837,Panama,PAN,8.537981,-80.782127
2016,1.826380485,Peru,PER,-9.189967,-75.015152
2016,,French Polynesia,PYF,-17.679742,-149.406843
2016,0.737248613,Papua New Guinea,PNG,-6.314993,143.95555
2016,1.152751307,Philippines,PHL,12.879721,121.774017
2016,7.348421251,Malaysia,MYS,4.210484,101.975766
2016,0.385328177,Nepal,NPL,28.394857,84.124008
2016,3.920323024,Mexico,MEX,23.634501,-102.552784
2016,1.081309957,Sri Lanka,LKA,7.873054,80.771797
2016,3.227063392,Maldives,MDV,3.202778,73.22068
2016,7.895752254,Poland,POL,51.919438,19.145136
2016,0.297038076,Liberia,LBR,6.428055,-9.429499
2016,0.991756971,Lesotho,LSO,-29.609988,28.233608
2016,3.905926684,Lithuania,LTU,55.169438,23.881275
2016,15.19877529,Luxembourg,LUX,49.815273,6.129583
2016,3.646422599,Latvia,LVA,56.879635,24.603189
2016,7.75123858,Libya,LBY,26.3351,17.228331
2016,1.71730557,Morocco,MAR,31.791702,-7.09262
2016,,Monaco,MCO,43.750298,7.412841
2016,2.904908914,Moldova,MDA,47.411631,28.369885
2016,3.456033476,Montenegro,MNE,42.708678,19.37439
2016,0.124763837,Madagascar,MDG,-18.766947,46.869107
2016,3.031306255,Marshall Islands,MHL,7.131474,171.184478
2016,0.182277042,Mali,MLI,17.570692,-3.996166
2016,5.998504731,Mongolia,MNG,46.862496,103.846656
2016,,Northern Mariana Islands,MNP,17.33083,145.38469
2016,0.637776445,Mauritania,MRT,21.00789,-10.940835
2016,2.969764316,Malta,MLT,35.937496,14.375416
2016,3.193281567,Mauritius,MUS,-20.348404,57.552152
2016,0.070297394,Malawi,MWI,-13.254308,34.301525
2016,,Puerto Rico,PRI,18.220833,-66.590149
2016,0.100727184,Chad,TCD,15.454166,18.732207
2016,11.66928604,Palau,PLW,7.51498,134.58252
2016,10.91911629,Turkmenistan,TKM,38.969719,59.556278
2016,2.594443261,Tunisia,TUN,33.886917,9.537499
2016,1.172107807,Tonga,TON,-21.178986,-175.198242
2016,12.44893931,Trinidad and Tobago,TTO,10.691803,-61.222503
2016,0.691116845,Tuvalu,TUV,-7.109535,177.64933
2016,0.195708591,Tanzania,TZA,-6.369028,34.888822
2016,4.480765808,Ukraine,UKR,48.379433,31.16558
2016,0.127652055,Uganda,UGA,1.373333,32.290275
2016,15.14988272,United States,USA,37.09024,-95.712891
2016,1.911408105,Uruguay,URY,-32.522779,-55.765835
2016,3.307404884,Uzbekistan,UZB,41.377491,64.585262
2016,,British Virgin Islands,VGB,18.420695,-64.639968
2016,0.534217458,Vanuatu,VUT,-15.376706,166.959158
2016,1.200229635,Samoa,WSM,-13.759029,-172.104629
2016,,Kosovo,XKX,42.602636,20.902977
2016,7.544589571,South Africa,ZAF,-30.559482,22.937506
2016,0.316995215,Zambia,ZMB,-13.133897,27.849332
2016,0.723061927,Zimbabwe,ZWE,-19.015438,29.154857
2016,3.984106358,Liechtenstein,LIE,47.166,9.555373
2016,0.423743347,Timor-Leste,TLS,-8.874217,125.727539
2016,4.716035676,Portugal,PRT,39.399872,-8.224454
2016,0.629971309,Tajikistan,TJK,38.861034,71.276093
2016,0.300938972,Togo,TGO,8.619543,0.824782
2016,1.147764782,Paraguay,PRY,-23.442503,-58.443832
2016,33.5495687,Qatar,QAT,25.354826,51.183884
2016,3.633348386,Romania,ROU,45.943161,24.96676
2016,6.607094434,Serbia,SRB,44.016521,21.005859
2016,0.096220746,Rwanda,RWA,-1.940278,29.873888
2016,16.7951031,Saudi Arabia,SAU,23.885942,45.079162
2016,0.474604443,Solomon Islands,SLB,-9.64571,160.156194
2016,5.973995796,Seychelles,SYC,-4.679574,55.491977
2016,0.546080395,Sudan,SDN,12.862807,30.217636
2016,3.899110005,Sweden,SWE,60.128161,18.643501
2016,8.019891274,Singapore,SGP,1.352083,103.819836
2016,6.732550718,Slovenia,SVN,46.151241,14.995463
2016,0.156233466,Sierra Leone,SLE,8.460555,-11.779889
2016,,San Marino,SMR,43.94236,12.457777
2016,0.686906343,Senegal,SEN,14.497401,-14.452362
2016,0.04578514,Somalia,SOM,5.152149,46.199616
2016,5.081899999,Suriname,SUR,3.919305,-56.027783
2016,1.139922982,El Salvador,SLV,13.794185,-88.89653
2016,,Turks and Caicos Islands,TCA,21.694025,-71.797928
2016,3.794470231,Thailand,THA,15.870032,100.992541
2016,4.434700371,Lebanon,LBN,33.854721,35.862285
2016,11.37883973,Kazakhstan,KAZ,48.019573,66.923684
2016,,Cayman Islands,CYM,19.513469,-80.566956
2016,2.161259847,Brazil,BRA,-14.235004,-51.92528
2016,1.638388767,Bhutan,BTN,27.514162,90.433601
2016,2.818086597,Botswana,BWA,-22.328474,24.684866
2016,5.829463579,Belarus,BLR,53.709807,27.953389
2016,1.773147152,Belize,BLZ,17.189877,-88.49765
2016,15.42182253,Canada,CAN,56.130366,-106.346771
2016,0.042086572,Central African Republic,CAF,6.611111,20.939444
2016,4.737238602,Switzerland,CHE,46.818188,8.227512
2016,1.893693651,Bolivia,BOL,-16.290154,-63.588653
2016,4.783525703,Chile,CHL,-35.675147,-71.542969
2016,7.105479936,China,CHN,35.86166,104.195397
2016,1.753795803,Colombia,COL,4.570868,-74.297333
2016,1.619528412,Costa Rica,CRI,9.748917,-83.753428
2016,2.396082811,Cuba,CUB,21.521757,-77.781167
2016,6.026642045,Cyprus,CYP,35.126413,33.429859
2016,9.072972388,Germany,DEU,51.165691,10.451526
2016,0.386480087,Djibouti,DJI,11.825138,42.590275
2016,6.169734341,Denmark,DNK,56.26392,9.501785
2016,0.378493592,Cameroon,CMR,7.369722,12.354722
2016,,Bermuda,BMU,32.321384,-64.75737
2016,0.598485713,Benin,BEN,9.30769,2.315834
2016,0.040538085,Burundi,BDI,-3.373056,29.918886
2016,22.28070271,United Arab Emirates,ARE,23.424076,53.847818
2016,0.268358773,Afghanistan,AFG,33.93911,67.709953
2016,5.526478512,Antigua and Barbuda,ATG,17.060816,-61.796428
2016,1.590069333,Albania,ALB,41.153332,20.168331
2016,1.767966404,Armenia,ARM,40.069099,45.038189
2016,1.012552124,Angola,AGO,-11.202692,17.873887
2016,4.201815869,Argentina,ARG,-38.416097,-63.616672
2016,,American Samoa,ASM,-14.270972,-170.132217
2016,7.290777216,Austria,AUT,47.516231,14.550072
2016,16.32033061,Australia,AUS,-25.274398,133.775136
2016,,Aruba,ABW,12.52111,-69.968338
2016,3.303957895,Azerbaijan,AZE,40.143105,47.576927
2016,6.422490639,Bosnia and Herzegovina,BIH,43.915886,17.679076
2016,4.632243432,Barbados,BRB,13.193887,-59.543198
2016,0.507739271,Bangladesh,BGD,23.684994,90.356331
2016,8.310660392,Belgium,BEL,50.503887,4.469936
2016,0.207403202,Burkina Faso,BFA,12.238333,-1.561593
2016,5.834418985,Bulgaria,BGR,42.733883,25.48583
2016,21.49530987,Bahrain,BHR,25.930414,50.637772
2016,2.604352479,Dominica,DMA,15.414999,-61.370976
2016,2.336099271,Dominican Republic,DOM,18.735693,-70.162651
2016,6.465288117,Andorra,AND,42.546245,1.601554
2016,2.420480809,Ecuador,ECU,-1.831239,-78.183406
2016,4.042977719,Croatia,HRV,45.1,15.2
2016,0.314036533,Haiti,HTI,18.971187,-72.285215
2016,4.508691288,Hungary,HUN,47.162494,19.503304
2016,1.848303852,Indonesia,IDN,-0.789275,113.921327
2016,8.203375787,Ireland,IRL,53.41291,-8.24389
2016,7.633161713,Israel,ISR,31.046051,34.851612
2016,,Isle of Man,IMN,54.236107,-4.548056
2016,3.702550805,Iraq,IRQ,33.223191,43.679291
2016,4.868247282,Iceland,ISL,64.963051,-19.020835
2016,5.498244377,Italy,ITA,41.87194,12.56738
2016,2.693657355,Jamaica,JAM,18.109581,-77.297508
2016,2.481771573,Jordan,JOR,30.585164,36.238414
2016,9.166714407,Japan,JPN,36.204824,138.252924
2016,0.403178475,Kenya,KEN,-0.023559,37.906193
2016,0.708268457,Cambodia,KHM,12.565679,104.990963
2016,0.478428527,Kiribati,KIR,-3.370417,-168.734039
2016,0.292000343,Comoros,COM,-11.875001,43.872219
2016,22.57269795,Kuwait,KWT,29.31166,47.481766
2016,3.833834222,Algeria,DZA,28.033886,1.659626
2016,1.098712815,Honduras,HND,15.199999,-86.241905
2016,3.265238372,Guyana,GUY,4.860416,-58.93018
2016,1.639914019,India,IND,20.593684,78.96288
2016,,Guam,GUM,13.444304,144.793731
2016,0.166253123,Guinea-Bissau,GNB,11.803749,-15.180413
2016,0.172496432,Eritrea,ERI,15.179384,39.782334
2016,5.340585339,Spain,ESP,40.463667,-3.74922
2016,0.144807034,Ethiopia,ETH,9.145,40.489673
2016,8.31624753,Finland,FIN,61.92411,25.748151
2016,1.305137031,Fiji,FJI,-16.578193,179.414413
2016,4.703475673,France,FRA,46.227638,2.213749
2016,3.059956687,Gabon,GAB,-0.803689,11.609444
2016,5.824502691,United Kingdom,GBR,55.378051,-3.435973
2016,,Faroe Islands,FRO,61.892635,-6.911806
2016,2.632753008,Georgia,GEO,42.315407,43.356892
2016,1.10261826,Guatemala,GTM,15.783471,-90.230759
2016,2.312321825,Grenada,GRD,12.262776,-61.604171
2016,4.167551273,Equatorial Guinea,GNQ,1.650801,10.267895
2016,0.235227854,Guinea,GIN,9.945587,-9.696645
2016,6.20348737,Greece,GRC,39.074208,21.824312
2016,,Gibraltar,GIB,36.137741,-5.345374
2016,0.492155068,Ghana,GHA,7.946527,-1.023194
2016,12.08946716,Estonia,EST,58.595272,25.013607
2016,,Greenland,GRL,71.706936,-42.604303
2017,9.089265634,Netherlands,NLD,52.132633,5.291266
2017,0.25069794,Mozambique,MOZ,-18.665695,35.529562
2017,1.786398504,Namibia,NAM,-22.95764,18.49041
2017,,New Caledonia,NCL,-20.904305,165.618042
2017,0.087450861,Niger,NER,17.607789,8.081666
2017,0.560638215,Nigeria,NGA,9.081999,8.675277
2017,0.837724434,Nicaragua,NIC,12.865416,-85.207229
2017,7.42375167,Norway,NOR,60.472024,8.468946
2017,0.918472672,Pakistan,PAK,30.375321,69.345116
2017,4.793699709,Nauru,NRU,-0.522778,166.931503
2017,6.840493601,New Zealand,NZL,-40.900557,174.885971
2017,15.77179716,Oman,OMN,21.512583,55.923255
2017,2.474668969,Panama,PAN,8.537981,-80.782127
2017,1.717243013,Peru,PER,-9.189967,-75.015152
2017,,French Polynesia,PYF,-17.679742,-149.406843
2017,0.713597978,Papua New Guinea,PNG,-6.314993,143.95555
2017,1.250314542,Philippines,PHL,12.879721,121.774017
2017,7.039825673,Malaysia,MYS,4.210484,101.975766
2017,0.470677341,Nepal,NPL,28.394857,84.124008
2017,3.862759412,Mexico,MEX,23.634501,-102.552784
2017,1.075961371,Sri Lanka,LKA,7.873054,80.771797
2017,3.272571025,Maldives,MDV,3.202778,73.22068
2017,8.236243136,Poland,POL,51.919438,19.145136
2017,0.264435601,Liberia,LBR,6.428055,-9.429499
2017,1.106736011,Lesotho,LSO,-29.609988,28.233608
2017,3.967680702,Lithuania,LTU,55.169438,23.881275
2017,15.1030627,Luxembourg,LUX,49.815273,6.129583
2017,3.664156174,Latvia,LVA,56.879635,24.603189
2017,8.167602423,Libya,LBY,26.3351,17.228331
2017,1.773662915,Morocco,MAR,31.791702,-7.09262
2017,,Monaco,MCO,43.750298,7.412841
2017,2.926840954,Moldova,MDA,47.411631,28.369885
2017,3.642510199,Montenegro,MNE,42.708678,19.37439
2017,0.13301723,Madagascar,MDG,-18.766947,46.869107
2017,3.164007036,Marshall Islands,MHL,7.131474,171.184478
2017,0.187961953,Mali,MLI,17.570692,-3.996166
2017,6.32277465,Mongolia,MNG,46.862496,103.846656
2017,,Northern Mariana Islands,MNP,17.33083,145.38469
2017,0.81929993,Mauritania,MRT,21.00789,-10.940835
2017,3.250434296,Malta,MLT,35.937496,14.375416
2017,3.30021575,Mauritius,MUS,-20.348404,57.552152
2017,0.077992672,Malawi,MWI,-13.254308,34.301525
2017,,Puerto Rico,PRI,18.220833,-66.590149
2017,0.098648511,Chad,TCD,15.454166,18.732207
2017,11.94146998,Palau,PLW,7.51498,134.58252
2017,10.70165906,Turkmenistan,TKM,38.969719,59.556278
2017,2.602781049,Tunisia,TUN,33.886917,9.537499
2017,1.260731395,Tonga,TON,-21.178986,-175.198242
2017,12.32558753,Trinidad and Tobago,TTO,10.691803,-61.222503
2017,0.71111932,Tuvalu,TUV,-7.109535,177.64933
2017,0.207213702,Tanzania,TZA,-6.369028,34.888822
2017,3.902160853,Ukraine,UKR,48.379433,31.16558
2017,0.128890499,Uganda,UGA,1.373333,32.290275
2017,14.82324544,United States,USA,37.09024,-95.712891
2017,1.783589504,Uruguay,URY,-32.522779,-55.765835
2017,3.387256627,Uzbekistan,UZB,41.377491,64.585262
2017,,British Virgin Islands,VGB,18.420695,-64.639968
2017,0.485806525,Vanuatu,VUT,-15.376706,166.959158
2017,1.229109474,Samoa,WSM,-13.759029,-172.104629
2017,,Kosovo,XKX,42.602636,20.902977
2017,7.683707811,South Africa,ZAF,-30.559482,22.937506
2017,0.393726369,Zambia,ZMB,-13.133897,27.849332
2017,0.66306915,Zimbabwe,ZWE,-19.015438,29.154857
2017,4.1112037,Liechtenstein,LIE,47.166,9.555373
2017,0.451885605,Timor-Leste,TLS,-8.874217,125.727539
2017,5.171956157,Portugal,PRT,39.399872,-8.224454
2017,0.75712073,Tajikistan,TJK,38.861034,71.276093
2017,0.257067706,Togo,TGO,8.619543,0.824782
2017,1.246325175,Paraguay,PRY,-23.442503,-58.443832
2017,32.25663823,Qatar,QAT,25.354826,51.183884
2017,3.788308728,Romania,ROU,45.943161,24.96676
2017,6.743135953,Serbia,SRB,44.016521,21.005859
2017,0.102654554,Rwanda,RWA,-1.940278,29.873888
2017,16.0777919,Saudi Arabia,SAU,23.885942,45.079162
2017,0.458335016,Solomon Islands,SLB,-9.64571,160.156194
2017,5.954529804,Seychelles,SYC,-4.679574,55.491977
2017,0.530471761,Sudan,SDN,12.862807,30.217636
2017,3.794924047,Sweden,SWE,60.128161,18.643501
2017,8.432299827,Singapore,SGP,1.352083,103.819836
2017,6.834970006,Slovenia,SVN,46.151241,14.995463
2017,0.145879586,Sierra Leone,SLE,8.460555,-11.779889
2017,,San Marino,SMR,43.94236,12.457777
2017,0.646584895,Senegal,SEN,14.497401,-14.452362
2017,0.044058817,Somalia,SOM,5.152149,46.199616
2017,4.160143917,Suriname,SUR,3.919305,-56.027783
2017,1.012486089,El Salvador,SLV,13.794185,-88.89653
2017,,Turks and Caicos Islands,TCA,21.694025,-71.797928
2017,3.767896681,Thailand,THA,15.870032,100.992541
2017,4.774872603,Lebanon,LBN,33.854721,35.862285
2017,11.9137581,Kazakhstan,KAZ,48.019573,66.923684
2017,,Cayman Islands,CYM,19.513469,-80.566956
2017,2.185486619,Brazil,BRA,-14.235004,-51.92528
2017,1.731865667,Bhutan,BTN,27.514162,90.433601
2017,3.054954535,Botswana,BWA,-22.328474,24.684866
2017,5.946407169,Belarus,BLR,53.709807,27.953389
2017,1.716338442,Belize,BLZ,17.189877,-88.49765
2017,15.54719472,Canada,CAN,56.130366,-106.346771
2017,0.044509011,Central African Republic,CAF,6.611111,20.939444
2017,4.57876628,Switzerland,CHE,46.818188,8.227512
2017,1.891315429,Bolivia,BOL,-16.290154,-63.588653
2017,4.743802419,Chile,CHL,-35.675147,-71.542969
2017,7.226160154,China,CHN,35.86166,104.195397
2017,1.565075176,Colombia,COL,4.570868,-74.297333
2017,1.636715779,Costa Rica,CRI,9.748917,-83.753428
2017,2.31478145,Cuba,CUB,21.521757,-77.781167
2017,6.091071498,Cyprus,CYP,35.126413,33.429859
2017,8.858344511,Germany,DEU,51.165691,10.451526
2017,0.387797734,Djibouti,DJI,11.825138,42.590275
2017,5.756134453,Denmark,DNK,56.26392,9.501785
2017,0.372071195,Cameroon,CMR,7.369722,12.354722
2017,,Bermuda,BMU,32.321384,-64.75737
2017,0.592940505,Benin,BEN,9.30769,2.315834
2017,0.047429124,Burundi,BDI,-3.373056,29.918886
2017,21.16549791,United Arab Emirates,ARE,23.424076,53.847818
2017,0.281195816,Afghanistan,AFG,33.93911,67.709953
2017,5.488427222,Antigua and Barbuda,ATG,17.060816,-61.796428
2017,1.880557113,Albania,ALB,41.153332,20.168331
2017,1.88339587,Armenia,ARM,40.069099,45.038189
2017,0.829723217,Angola,AGO,-11.202692,17.873887
2017,4.070111687,Argentina,ARG,-38.416097,-63.616672
2017,,American Samoa,ASM,-14.270972,-170.132217
2017,7.487036755,Austria,AUT,47.516231,14.550072
2017,16.1491503,Australia,AUS,-25.274398,133.775136
2017,,Aruba,ABW,12.52111,-69.968338
2017,3.243037648,Azerbaijan,AZE,40.143105,47.576927
2017,6.59666334,Bosnia and Herzegovina,BIH,43.915886,17.679076
2017,4.226450372,Barbados,BRB,13.193887,-59.543198
2017,0.541787826,Bangladesh,BGD,23.684994,90.356331
2017,8.139438591,Belgium,BEL,50.503887,4.469936
2017,0.23317368,Burkina Faso,BFA,12.238333,-1.561593
2017,6.20201084,Bulgaria,BGR,42.733883,25.48583
2017,20.94603778,Bahrain,BHR,25.930414,50.637772
2017,2.352172493,Dominica,DMA,15.414999,-61.370976
2017,2.211962081,Dominican Republic,DOM,18.735693,-70.162651
2017,6.302097864,Andorra,AND,42.546245,1.601554
2017,2.308763807,Ecuador,ECU,-1.831239,-78.183406
2017,4.220576836,Croatia,HRV,45.1,15.2
2017,0.306183719,Haiti,HTI,18.971187,-72.285215
2017,5.052101734,Hungary,HUN,47.162494,19.503304
2017,1.948574431,Indonesia,IDN,-0.789275,113.921327
2017,7.848149556,Ireland,IRL,53.41291,-8.24389
2017,7.563873618,Israel,ISR,31.046051,34.851612
2017,,Isle of Man,IMN,54.236107,-4.548056
2017,3.948808972,Iraq,IRQ,33.223191,43.679291
2017,4.866045428,Iceland,ISL,64.963051,-19.020835
2017,5.437912061,Italy,ITA,41.87194,12.56738
2017,2.572661211,Jamaica,JAM,18.109581,-77.297508
2017,2.547315661,Jordan,JOR,30.585164,36.238414
2017,9.063691208,Japan,JPN,36.204824,138.252924
2017,0.41058151,Kenya,KEN,-0.023559,37.906193
2017,0.799744092,Cambodia,KHM,12.565679,104.990963
2017,0.604011233,Kiribati,KIR,-3.370417,-168.734039
2017,0.366303252,Comoros,COM,-11.875001,43.872219
2017,21.91040082,Kuwait,KWT,29.31166,47.481766
2017,3.833681126,Algeria,DZA,28.033886,1.659626
2017,0.974047356,Honduras,HND,15.199999,-86.241905
2017,3.241131369,Guyana,GUY,4.860416,-58.93018
2017,1.704926721,India,IND,20.593684,78.96288
2017,,Guam,GUM,13.444304,144.793731
2017,0.163100202,Guinea-Bissau,GNB,11.803749,-15.180413
2017,0.171174998,Eritrea,ERI,15.179384,39.782334
2017,5.681590779,Spain,ESP,40.463667,-3.74922
2017,0.146790212,Ethiopia,ETH,9.145,40.489673
2017,7.809318955,Finland,FIN,61.92411,25.748151
2017,1.448392253,Fiji,FJI,-16.578193,179.414413
2017,4.747916929,France,FRA,46.227638,2.213749
2017,2.49727247,Gabon,GAB,-0.803689,11.609444
2017,5.553291497,United Kingdom,GBR,55.378051,-3.435973
2017,,Faroe Islands,FRO,61.892635,-6.911806
2017,2.657481054,Georgia,GEO,42.315407,43.356892
2017,1.027517281,Guatemala,GTM,15.783471,-90.230759
2017,2.377585366,Grenada,GRD,12.262776,-61.604171
2017,3.701194049,Equatorial Guinea,GNQ,1.650801,10.267895
2017,0.271355057,Guinea,GIN,9.945587,-9.696645
2017,6.210831583,Greece,GRC,39.074208,21.824312
2017,,Gibraltar,GIB,36.137741,-5.345374
2017,0.500789782,Ghana,GHA,7.946527,-1.023194
2017,12.73243033,Estonia,EST,58.595272,25.013607
2017,,Greenland,GRL,71.706936,-42.604303
2018,0.764549887,Nicaragua,NIC,12.865416,-85.207229
2018,7.452371382,Malaysia,MYS,4.210484,101.975766
2018,0.233657168,Mozambique,MOZ,-18.665695,35.529562
2018,1.778831765,Namibia,NAM,-22.95764,18.49041
2018,,New Caledonia,NCL,-20.904305,165.618042
2018,0.086649465,Niger,NER,17.607789,8.081666
2018,0.572783212,Nigeria,NGA,9.081999,8.675277
2018,8.785144105,Netherlands,NLD,52.132633,5.291266
2018,1.28139073,Philippines,PHL,12.879721,121.774017
2018,0.531081943,Nepal,NPL,28.394857,84.124008
2018,4.52868165,Nauru,NRU,-0.522778,166.931503
2018,6.613271844,New Zealand,NZL,-40.900557,174.885971
2018,16.37957583,Oman,OMN,21.512583,55.923255
2018,2.381318791,Panama,PAN,8.537981,-80.782127
2018,1.695130882,Peru,PER,-9.189967,-75.015152
2018,,French Polynesia,PYF,-17.679742,-149.406843
2018,0.76254978,Papua New Guinea,PNG,-6.314993,143.95555
2018,3.587489305,Mexico,MEX,23.634501,-102.552784
2018,7.261315879,Norway,NOR,60.472024,8.468946
2018,0.087620332,Malawi,MWI,-13.254308,34.301525
2018,3.744019355,Liechtenstein,LIE,47.166,9.555373
2018,3.26641524,Mauritius,MUS,-20.348404,57.552152
2018,0.85042708,Pakistan,PAK,30.375321,69.345116
2018,1.000936779,Sri Lanka,LKA,7.873054,80.771797
2018,0.230417244,Liberia,LBR,6.428055,-9.429499
2018,1.035751771,Lesotho,LSO,-29.609988,28.233608
2018,4.159315063,Lithuania,LTU,55.169438,23.881275
2018,15.33152397,Luxembourg,LUX,49.815273,6.129583
2018,4.039697505,Latvia,LVA,56.879635,24.603189
2018,8.351625314,Libya,LBY,26.3351,17.228331
2018,1.789327961,Morocco,MAR,31.791702,-7.09262
2018,,Monaco,MCO,43.750298,7.412841
2018,3.160420552,Moldova,MDA,47.411631,28.369885
2018,4.018308431,Montenegro,MNE,42.708678,19.37439
2018,0.123102265,Madagascar,MDG,-18.766947,46.869107
2018,3.285568288,Marshall Islands,MHL,7.131474,171.184478
2018,0.194032416,Mali,MLI,17.570692,-3.996166
2018,6.809659067,Mongolia,MNG,46.862496,103.846656
2018,,Northern Mariana Islands,MNP,17.33083,145.38469
2018,0.87013594,Mauritania,MRT,21.00789,-10.940835
2018,3.203474816,Malta,MLT,35.937496,14.375416
2018,3.626484917,Maldives,MDV,3.202778,73.22068
2018,8.209531333,Poland,POL,51.919438,19.145136
2018,,Turks and Caicos Islands,TCA,21.694025,-71.797928
2018,4.809612613,Portugal,PRT,39.399872,-8.224454
2018,0.404249333,Timor-Leste,TLS,-8.874217,125.727539
2018,10.43972151,Turkmenistan,TKM,38.969719,59.556278
2018,2.599764804,Tunisia,TUN,33.886917,9.537499
2018,1.276271992,Tonga,TON,-21.178986,-175.198242
2018,11.80540556,Trinidad and Tobago,TTO,10.691803,-61.222503
2018,0.809940175,Tuvalu,TUV,-7.109535,177.64933
2018,0.206899782,Tanzania,TZA,-6.369028,34.888822
2018,4.159868343,Ukraine,UKR,48.379433,31.16558
2018,0.141311434,Uganda,UGA,1.373333,32.290275
2018,15.2225181,United States,USA,37.09024,-95.712891
2018,1.910014526,Uruguay,URY,-32.522779,-55.765835
2018,3.420322793,Uzbekistan,UZB,41.377491,64.585262
2018,,British Virgin Islands,VGB,18.420695,-64.639968
2018,0.597044043,Vanuatu,VUT,-15.376706,166.959158
2018,1.185974316,Samoa,WSM,-13.759029,-172.104629
2018,,Kosovo,XKX,42.602636,20.902977
2018,7.667377025,South Africa,ZAF,-30.559482,22.937506
2018,0.440527424,Zambia,ZMB,-13.133897,27.849332
2018,4.604611215,Lebanon,LBN,33.854721,35.862285
2018,0.887070871,Tajikistan,TJK,38.861034,71.276093
2018,0.735434805,Zimbabwe,ZWE,-19.015438,29.154857
2018,3.718427852,Thailand,THA,15.870032,100.992541
2018,0.099806398,Chad,TCD,15.454166,18.732207
2018,11.86184505,Palau,PLW,7.51498,134.58252
2018,1.297481674,Paraguay,PRY,-23.442503,-58.443832
2018,31.48096744,Qatar,QAT,25.354826,51.183884
2018,3.861061715,Romania,ROU,45.943161,24.96676
2018,6.615354386,Serbia,SRB,44.016521,21.005859
2018,0.111987033,Rwanda,RWA,-1.940278,29.873888
2018,15.06550049,Saudi Arabia,SAU,23.885942,45.079162
2018,0.456428451,Solomon Islands,SLB,-9.64571,160.156194
2018,6.22455096,Seychelles,SYC,-4.679574,55.491977
2018,0.515971084,Sudan,SDN,12.862807,30.217636
2018,3.529743944,Sweden,SWE,60.128161,18.643501
2018,8.018212077,Singapore,SGP,1.352083,103.819836
2018,6.785737362,Slovenia,SVN,46.151241,14.995463
2018,0.132764622,Sierra Leone,SLE,8.460555,-11.779889
2018,,San Marino,SMR,43.94236,12.457777
2018,0.653397076,Senegal,SEN,14.497401,-14.452362
2018,0.042573227,Somalia,SOM,5.152149,46.199616
2018,3.615421541,Suriname,SUR,3.919305,-56.027783
2018,1.090587479,El Salvador,SLV,13.794185,-88.89653
2018,0.272149541,Togo,TGO,8.619543,0.824782
2018,11.86754957,Kazakhstan,KAZ,48.019573,66.923684
2018,,Puerto Rico,PRI,18.220833,-66.590149
2018,21.46122994,Kuwait,KWT,29.31166,47.481766
2018,1.88518817,Bolivia,BOL,-16.290154,-63.588653
2018,2.064261479,Brazil,BRA,-14.235004,-51.92528
2018,1.908289769,Bhutan,BTN,27.514162,90.433601
2018,3.288471038,Botswana,BWA,-22.328474,24.684866
2018,6.279579416,Belarus,BLR,53.709807,27.953389
2018,1.648929766,Belize,BLZ,17.189877,-88.49765
2018,15.63665416,Canada,CAN,56.130366,-106.346771
2018,0.044967594,Central African Republic,CAF,6.611111,20.939444
2018,,Bermuda,BMU,32.321384,-64.75737
2018,4.402143727,Switzerland,CHE,46.818188,8.227512
2018,0.388794448,Cameroon,CMR,7.369722,12.354722
2018,7.533193134,China,CHN,35.86166,104.195397
2018,1.610391517,Colombia,COL,4.570868,-74.297333
2018,1.620121197,Costa Rica,CRI,9.748917,-83.753428
2018,2.354698575,Cuba,CUB,21.521757,-77.781167
2018,5.906151058,Cyprus,CYP,35.126413,33.429859
2018,8.537042688,Germany,DEU,51.165691,10.451526
2018,0.392452502,Djibouti,DJI,11.825138,42.590275
2018,4.629657059,Chile,CHL,-35.675147,-71.542969
2018,0.636814494,Benin,BEN,9.30769,2.315834
2018,0.05785023,Burundi,BDI,-3.373056,29.918886
2018,20.73796173,Bahrain,BHR,25.930414,50.637772
2018,6.59405703,Andorra,AND,42.546245,1.601554
2018,19.06094953,United Arab Emirates,ARE,23.424076,53.847818
2018,0.299082634,Afghanistan,AFG,33.93911,67.709953
2018,5.550826185,Antigua and Barbuda,ATG,17.060816,-61.796428
2018,1.85464154,Albania,ALB,41.153332,20.168331
2018,2.013779381,Armenia,ARM,40.069099,45.038189
2018,0.755827619,Angola,AGO,-11.202692,17.873887
2018,3.975650744,Argentina,ARG,-38.416097,-63.616672
2018,,American Samoa,ASM,-14.270972,-170.132217
2018,7.141140211,Austria,AUT,47.516231,14.550072
2018,15.86571352,Australia,AUS,-25.274398,133.775136
2018,,Aruba,ABW,12.52111,-69.968338
2018,3.292641249,Azerbaijan,AZE,40.143105,47.576927
2018,6.651453518,Bosnia and Herzegovina,BIH,43.915886,17.679076
2018,4.541381825,Barbados,BRB,13.193887,-59.543198
2018,0.586157625,Bangladesh,BGD,23.684994,90.356331
2018,8.184366679,Belgium,BEL,50.503887,4.469936
2018,0.25242828,Burkina Faso,BFA,12.238333,-1.561593
2018,5.821777166,Bulgaria,BGR,42.733883,25.48583
2018,5.718912959,Denmark,DNK,56.26392,9.501785
2018,2.333987546,Dominica,DMA,15.414999,-61.370976
2018,,Cayman Islands,CYM,19.513469,-80.566956
2018,3.924298722,Algeria,DZA,28.033886,1.659626
2018,0.922234079,Honduras,HND,15.199999,-86.241905
2018,4.020066328,Croatia,HRV,45.1,15.2
2018,0.298729952,Haiti,HTI,18.971187,-72.285215
2018,5.033254347,Hungary,HUN,47.162494,19.503304
2018,2.126836838,Indonesia,IDN,-0.789275,113.921327
2018,7.699027554,Ireland,IRL,53.41291,-8.24389
2018,6.91499302,Israel,ISR,31.046051,34.851612
2018,1.795595299,India,IND,20.593684,78.96288
2018,4.142680466,Iraq,IRQ,33.223191,43.679291
2018,4.817688768,Iceland,ISL,64.963051,-19.020835
2018,5.376940361,Italy,ITA,41.87194,12.56738
2018,3.054588907,Jamaica,JAM,18.109581,-77.297508
2018,2.362363185,Jordan,JOR,30.585164,36.238414
2018,8.76197885,Japan,JPN,36.204824,138.252924
2018,0.385437968,Kenya,KEN,-0.023559,37.906193
2018,0.845896953,Cambodia,KHM,12.565679,104.990963
2018,0.598719134,Kiribati,KIR,-3.370417,-168.734039
2018,0.389920045,Comoros,COM,-11.875001,43.872219
2018,2.356223766,Dominican Republic,DOM,18.735693,-70.162651
2018,3.293512273,Guyana,GUY,4.860416,-58.93018
2018,0.165094768,Guinea-Bissau,GNB,11.803749,-15.180413
2018,,Isle of Man,IMN,54.236107,-4.548056
2018,1.105753673,Guatemala,GTM,15.783471,-90.230759
2018,,Guam,GUM,13.444304,144.793731
2018,11.88893604,Estonia,EST,58.595272,25.013607
2018,0.19669853,Eritrea,ERI,15.179384,39.782334
2018,5.521059835,Spain,ESP,40.463667,-3.74922
2018,0.153230326,Ethiopia,ETH,9.145,40.489673
2018,8.049188427,Finland,FIN,61.92411,25.748151
2018,,Faroe Islands,FRO,61.892635,-6.911806
2018,4.570517428,France,FRA,46.227638,2.213749
2018,2.335936117,Gabon,GAB,-0.803689,11.609444
2018,1.509473382,Fiji,FJI,-16.578193,179.414413
2018,2.628900671,Grenada,GRD,12.262776,-61.604171
2018,6.058130519,Greece,GRC,39.074208,21.824312
2018,5.425128404,United Kingdom,GBR,55.378051,-3.435973
2018,0.297494262,Guinea,GIN,9.945587,-9.696645
2018,,Greenland,GRL,71.706936,-42.604303
2018,3.374296231,Equatorial Guinea,GNQ,1.650801,10.267895
2018,0.543393317,Ghana,GHA,7.946527,-1.023194
2018,2.609706729,Georgia,GEO,42.315407,43.356892
2018,2.366829826,Ecuador,ECU,-1.831239,-78.183406
2018,,Gibraltar,GIB,36.137741,-5.345374
2019,8.41396928,Netherlands,NLD,52.132633,5.291266
2019,0.248639659,Mozambique,MOZ,-18.665695,35.529562
2019,1.764171657,Namibia,NAM,-22.95764,18.49041
2019,,New Caledonia,NCL,-20.904305,165.618042
2019,0.092100576,Niger,NER,17.607789,8.081666
2019,0.588005207,Nigeria,NGA,9.081999,8.675277
2019,0.77010182,Nicaragua,NIC,12.865416,-85.207229
2019,7.042320943,Norway,NOR,60.472024,8.468946
2019,0.824459652,Pakistan,PAK,30.375321,69.345116
2019,4.401582591,Nauru,NRU,-0.522778,166.931503
2019,6.830053021,New Zealand,NZL,-40.900557,174.885971
2019,16.45635843,Oman,OMN,21.512583,55.923255
2019,3.095050433,Panama,PAN,8.537981,-80.782127
2019,1.735641775,Peru,PER,-9.189967,-75.015152
2019,,French Polynesia,PYF,-17.679742,-149.406843
2019,0.78255289,Papua New Guinea,PNG,-6.314993,143.95555
2019,1.32152779,Philippines,PHL,12.879721,121.774017
2019,7.464999716,Malaysia,MYS,4.210484,101.975766
2019,0.480724943,Nepal,NPL,28.394857,84.124008
2019,3.612165141,Mexico,MEX,23.634501,-102.552784
2019,1.074526441,Sri Lanka,LKA,7.873054,80.771797
2019,3.963267183,Maldives,MDV,3.202778,73.22068
2019,7.768855783,Poland,POL,51.919438,19.145136
2019,0.22991646,Liberia,LBR,6.428055,-9.429499
2019,1.033426757,Lesotho,LSO,-29.609988,28.233608
2019,4.200151961,Lithuania,LTU,55.169438,23.881275
2019,15.3230398,Luxembourg,LUX,49.815273,6.129583
2019,3.954965509,Latvia,LVA,56.879635,24.603189
2019,8.325767595,Libya,LBY,26.3351,17.228331
2019,1.955308017,Morocco,MAR,31.791702,-7.09262
2019,,Monaco,MCO,43.750298,7.412841
2019,3.348667379,Moldova,MDA,47.411631,28.369885
2019,4.181644556,Montenegro,MNE,42.708678,19.37439
2019,0.142653575,Madagascar,MDG,-18.766947,46.869107
2019,3.405025935,Marshall Islands,MHL,7.131474,171.184478
2019,0.191438656,Mali,MLI,17.570692,-3.996166
2019,7.160835656,Mongolia,MNG,46.862496,103.846656
2019,,Northern Mariana Islands,MNP,17.33083,145.38469
2019,0.872475307,Mauritania,MRT,21.00789,-10.940835
2019,3.290468236,Malta,MLT,35.937496,14.375416
2019,3.296800515,Mauritius,MUS,-20.348404,57.552152
2019,0.087118813,Malawi,MWI,-13.254308,34.301525
2019,,Puerto Rico,PRI,18.220833,-66.590149
2019,0.098196389,Chad,TCD,15.454166,18.732207
2019,12.134405,Palau,PLW,7.51498,134.58252
2019,10.26753615,Turkmenistan,TKM,38.969719,59.556278
2019,2.576495226,Tunisia,TUN,33.886917,9.537499
2019,1.538813351,Tonga,TON,-21.178986,-175.198242
2019,11.31303229,Trinidad and Tobago,TTO,10.691803,-61.222503
2019,0.81234027,Tuvalu,TUV,-7.109535,177.64933
2019,0.249877327,Tanzania,TZA,-6.369028,34.888822
2019,3.933652536,Ukraine,UKR,48.379433,31.16558
2019,0.138373162,Uganda,UGA,1.373333,32.290275
2019,14.67338071,United States,USA,37.09024,-95.712891
2019,1.985381557,Uruguay,URY,-32.522779,-55.765835
2019,3.504662697,Uzbekistan,UZB,41.377491,64.585262
2019,,British Virgin Islands,VGB,18.420695,-64.639968
2019,0.548284517,Vanuatu,VUT,-15.376706,166.959158
2019,1.315212005,Samoa,WSM,-13.759029,-172.104629
2019,,Kosovo,XKX,42.602636,20.902977
2019,7.688907623,South Africa,ZAF,-30.559482,22.937506
2019,0.414336364,Zambia,ZMB,-13.133897,27.849332
2019,0.663338328,Zimbabwe,ZWE,-19.015438,29.154857
2019,3.872608388,Liechtenstein,LIE,47.166,9.555373
2019,0.482334951,Timor-Leste,TLS,-8.874217,125.727539
2019,4.332448043,Portugal,PRT,39.399872,-8.224454
2019,0.960233171,Tajikistan,TJK,38.861034,71.276093
2019,0.296284381,Togo,TGO,8.619543,0.824782
2019,1.240668873,Paraguay,PRY,-23.442503,-58.443832
2019,31.87720301,Qatar,QAT,25.354826,51.183884
2019,3.817062957,Romania,ROU,45.943161,24.96676
2019,6.627579916,Serbia,SRB,44.016521,21.005859
2019,0.113057798,Rwanda,RWA,-1.940278,29.873888
2019,14.70301665,Saudi Arabia,SAU,23.885942,45.079162
2019,0.451560238,Solomon Islands,SLB,-9.64571,160.156194
2019,6.097823303,Seychelles,SYC,-4.679574,55.491977
2019,0.511922937,Sudan,SDN,12.862807,30.217636
2019,3.401593966,Sweden,SWE,60.128161,18.643501
2019,7.918410385,Singapore,SGP,1.352083,103.819836
2019,6.543333724,Slovenia,SVN,46.151241,14.995463
2019,0.129094346,Sierra Leone,SLE,8.460555,-11.779889
2019,,San Marino,SMR,43.94236,12.457777
2019,0.768574984,Senegal,SEN,14.497401,-14.452362
2019,0.041029203,Somalia,SOM,5.152149,46.199616
2019,4.42581305,Suriname,SUR,3.919305,-56.027783
2019,1.25994054,El Salvador,SLV,13.794185,-88.89653
2019,,Turks and Caicos Islands,TCA,21.694025,-71.797928
2019,3.849043757,Thailand,THA,15.870032,100.992541
2019,4.655297984,Lebanon,LBN,33.854721,35.862285
2019,11.05087035,Kazakhstan,KAZ,48.019573,66.923684
2019,,Cayman Islands,CYM,19.513469,-80.566956
2019,2.050770129,Brazil,BRA,-14.235004,-51.92528
2019,1.867200723,Bhutan,BTN,27.514162,90.433601
2019,2.879663256,Botswana,BWA,-22.328474,24.684866
2019,6.12342695,Belarus,BLR,53.709807,27.953389
2019,1.89208291,Belize,BLZ,17.189877,-88.49765
2019,15.05274694,Canada,CAN,56.130366,-106.346771
2019,0.045188205,Central African Republic,CAF,6.611111,20.939444
2019,4.358609865,Switzerland,CHE,46.818188,8.227512
2019,1.853461506,Bolivia,BOL,-16.290154,-63.588653
2019,4.827620075,Chile,CHL,-35.675147,-71.542969
2019,7.645435786,China,CHN,35.86166,104.195397
2019,1.577820141,Colombia,COL,4.570868,-74.297333
2019,1.564824452,Costa Rica,CRI,9.748917,-83.753428
2019,2.157740903,Cuba,CUB,21.521757,-77.781167
2019,5.851879339,Cyprus,CYP,35.126413,33.429859
2019,7.927187624,Germany,DEU,51.165691,10.451526
2019,0.398763866,Djibouti,DJI,11.825138,42.590275
2019,5.107386426,Denmark,DNK,56.26392,9.501785
2019,0.370691707,Cameroon,CMR,7.369722,12.354722
2019,,Bermuda,BMU,32.321384,-64.75737
2019,0.608236773,Benin,BEN,9.30769,2.315834
2019,0.059571339,Burundi,BDI,-3.373056,29.918886
2019,20.15334483,United Arab Emirates,ARE,23.424076,53.847818
2019,0.297563651,Afghanistan,AFG,33.93911,67.709953
2019,5.525581597,Antigua and Barbuda,ATG,17.060816,-61.796428
2019,1.749462457,Albania,ALB,41.153332,20.168331
2019,2.196552367,Armenia,ARM,40.069099,45.038189
2019,0.753638205,Angola,AGO,-11.202692,17.873887
2019,3.742029812,Argentina,ARG,-38.416097,-63.616672
2019,,American Samoa,ASM,-14.270972,-170.132217
2019,7.263331201,Austria,AUT,47.516231,14.550072
2019,15.59904536,Australia,AUS,-25.274398,133.775136
2019,,Aruba,ABW,12.52111,-69.968338
2019,3.54349533,Azerbaijan,AZE,40.143105,47.576927
2019,6.285663956,Bosnia and Herzegovina,BIH,43.915886,17.679076
2019,4.166143194,Barbados,BRB,13.193887,-59.543198
2019,0.559733656,Bangladesh,BGD,23.684994,90.356331
2019,8.093790746,Belgium,BEL,50.503887,4.469936
2019,0.269501589,Burkina Faso,BFA,12.238333,-1.561593
2019,5.613710103,Bulgaria,BGR,42.733883,25.48583
2019,22.06335481,Bahrain,BHR,25.930414,50.637772
2019,2.437419499,Dominica,DMA,15.414999,-61.370976
2019,2.368634396,Dominican Republic,DOM,18.735693,-70.162651
2019,6.287203804,Andorra,AND,42.546245,1.601554
2019,2.285055011,Ecuador,ECU,-1.831239,-78.183406
2019,4.064519478,Croatia,HRV,45.1,15.2
2019,0.297241022,Haiti,HTI,18.971187,-72.285215
2019,4.836876267,Hungary,HUN,47.162494,19.503304
2019,2.245285771,Indonesia,IDN,-0.789275,113.921327
2019,7.257748757,Ireland,IRL,53.41291,-8.24389
2019,6.935752154,Israel,ISR,31.046051,34.851612
2019,,Isle of Man,IMN,54.236107,-4.548056
2019,4.347264139,Iraq,IRQ,33.223191,43.679291
2019,4.543450104,Iceland,ISL,64.963051,-19.020835
2019,5.311030987,Italy,ITA,41.87194,12.56738
2019,2.983289697,Jamaica,JAM,18.109581,-77.297508
2019,2.163621448,Jordan,JOR,30.585164,36.238414
2019,8.478400575,Japan,JPN,36.204824,138.252924
2019,0.382362033,Kenya,KEN,-0.023559,37.906193
2019,1.116330426,Cambodia,KHM,12.565679,104.990963
2019,0.592397035,Kiribati,KIR,-3.370417,-168.734039
2019,0.41239668,Comoros,COM,-11.875001,43.872219
2019,21.13521425,Kuwait,KWT,29.31166,47.481766
2019,3.994401828,Algeria,DZA,28.033886,1.659626
2019,1.023855315,Honduras,HND,15.199999,-86.241905
2019,3.500331141,Guyana,GUY,4.860416,-58.93018
2019,1.752534366,India,IND,20.593684,78.96288
2019,,Guam,GUM,13.444304,144.793731
2019,0.165088606,Guinea-Bissau,GNB,11.803749,-15.180413
2019,0.199267295,Eritrea,ERI,15.179384,39.782334
2019,5.131798801,Spain,ESP,40.463667,-3.74922
2019,0.155169189,Ethiopia,ETH,9.145,40.489673
2019,7.423039601,Finland,FIN,61.92411,25.748151
2019,1.517205337,Fiji,FJI,-16.578193,179.414413
2019,4.460164948,France,FRA,46.227638,2.213749
2019,2.351763544,Gabon,GAB,-0.803689,11.609444
2019,5.175842473,United Kingdom,GBR,55.378051,-3.435973
2019,,Faroe Islands,FRO,61.892635,-6.911806
2019,2.835791247,Georgia,GEO,42.315407,43.356892
2019,1.145372815,Guatemala,GTM,15.783471,-90.230759
2019,2.820964115,Grenada,GRD,12.262776,-61.604171
2019,3.139988835,Equatorial Guinea,GNQ,1.650801,10.267895
2019,0.350765779,Guinea,GIN,9.945587,-9.696645
2019,5.595284353,Greece,GRC,39.074208,21.824312
2019,,Gibraltar,GIB,36.137741,-5.345374
2019,0.572264896,Ghana,GHA,7.946527,-1.023194
2019,7.582120103,Estonia,EST,58.595272,25.013607
2019,,Greenland,GRL,71.706936,-42.604303
2020,0.678252104,Nicaragua,NIC,12.865416,-85.207229
2020,7.383715412,Malaysia,MYS,4.210484,101.975766
2020,0.222767553,Mozambique,MOZ,-18.665695,35.529562
2020,1.588045147,Namibia,NAM,-22.95764,18.49041
2020,,New Caledonia,NCL,-20.904305,165.618042
2020,0.090325578,Niger,NER,17.607789,8.081666
2020,0.537510175,Nigeria,NGA,9.081999,8.675277
2020,7.471553479,Netherlands,NLD,52.132633,5.291266
2020,1.189679452,Philippines,PHL,12.879721,121.774017
2020,0.509366247,Nepal,NPL,28.394857,84.124008
2020,3.361753959,Nauru,NRU,-0.522778,166.931503
2020,6.160799183,New Zealand,NZL,-40.900557,174.885971
2020,15.636201,Oman,OMN,21.512583,55.923255
2020,2.231443025,Panama,PAN,8.537981,-80.782127
2020,1.398566019,Peru,PER,-9.189967,-75.015152
2020,,French Polynesia,PYF,-17.679742,-149.406843
2020,0.563251566,Papua New Guinea,PNG,-6.314993,143.95555
2020,3.040766375,Mexico,MEX,23.634501,-102.552784
2020,6.72508005,Norway,NOR,60.472024,8.468946
2020,0.084636158,Malawi,MWI,-13.254308,34.301525
2020,3.663847998,Liechtenstein,LIE,47.166,9.555373
2020,2.938514108,Mauritius,MUS,-20.348404,57.552152
2020,0.810360216,Pakistan,PAK,30.375321,69.345116
2020,0.996683243,Sri Lanka,LKA,7.873054,80.771797
2020,0.231838924,Liberia,LBR,6.428055,-9.429499
2020,1.025642163,Lesotho,LSO,-29.609988,28.233608
2020,4.184000415,Lithuania,LTU,55.169438,23.881275
2020,12.45695323,Luxembourg,LUX,49.815273,6.129583
2020,3.645612168,Latvia,LVA,56.879635,24.603189
2020,6.682805471,Libya,LBY,26.3351,17.228331
2020,1.818526387,Morocco,MAR,31.791702,-7.09262
2020,,Monaco,MCO,43.750298,7.412841
2020,3.267846368,Moldova,MDA,47.411631,28.369885
2020,4.067560912,Montenegro,MNE,42.708678,19.37439
2020,0.097269541,Madagascar,MDG,-18.766947,46.869107
2020,2.533803239,Marshall Islands,MHL,7.131474,171.184478
2020,0.195565971,Mali,MLI,17.570692,-3.996166
2020,6.430645335,Mongolia,MNG,46.862496,103.846656
2020,,Northern Mariana Islands,MNP,17.33083,145.38469
2020,0.855176406,Mauritania,MRT,21.00789,-10.940835
2020,3.125557893,Malta,MLT,35.937496,14.375416
2020,2.826385298,Maldives,MDV,3.202778,73.22068
2020,7.367563373,Poland,POL,51.919438,19.145136
2020,,Turks and Caicos Islands,TCA,21.694025,-71.797928
2020,3.784907587,Portugal,PRT,39.399872,-8.224454
2020,0.343155166,Timor-Leste,TLS,-8.874217,125.727539
2020,10.1840863,Turkmenistan,TKM,38.969719,59.556278
2020,2.408622528,Tunisia,TUN,33.886917,9.537499
2020,1.122047618,Tonga,TON,-21.178986,-175.198242
2020,10.15711917,Trinidad and Tobago,TTO,10.691803,-61.222503
2020,0.596259825,Tuvalu,TUV,-7.109535,177.64933
2020,0.233945592,Tanzania,TZA,-6.369028,34.888822
2020,3.753816189,Ukraine,UKR,48.379433,31.16558
2020,0.127793035,Uganda,UGA,1.373333,32.290275
2020,13.03282795,United States,USA,37.09024,-95.712891
2020,1.89971905,Uruguay,URY,-32.522779,-55.765835
2020,3.376303785,Uzbekistan,UZB,41.377491,64.585262
2020,,British Virgin Islands,VGB,18.420695,-64.639968
2020,0.389174968,Vanuatu,VUT,-15.376706,166.959158
2020,0.960782398,Samoa,WSM,-13.759029,-172.104629
2020,,Kosovo,XKX,42.602636,20.902977
2020,6.687563147,South Africa,ZAF,-30.559482,22.937506
2020,0.401902713,Zambia,ZMB,-13.133897,27.849332
2020,3.792193537,Lebanon,LBN,33.854721,35.862285
2020,0.977533024,Tajikistan,TJK,38.861034,71.276093
2020,0.530483547,Zimbabwe,ZWE,-19.015438,29.154857
2020,3.714255806,Thailand,THA,15.870032,100.992541
2020,0.094228187,Chad,TCD,15.454166,18.732207
2020,8.802581794,Palau,PLW,7.51498,134.58252
2020,1.144591192,Paraguay,PRY,-23.442503,-58.443832
2020,31.72684245,Qatar,QAT,25.354826,51.183884
2020,3.564137501,Romania,ROU,45.943161,24.96676
2020,6.714517172,Serbia,SRB,44.016521,21.005859
2020,0.10512414,Rwanda,RWA,-1.940278,29.873888
2020,14.26658537,Saudi Arabia,SAU,23.885942,45.079162
2020,0.323065549,Solomon Islands,SLB,-9.64571,160.156194
2020,6.080518373,Seychelles,SYC,-4.679574,55.491977
2020,0.467953928,Sudan,SDN,12.862807,30.217636
2020,3.242989143,Sweden,SWE,60.128161,18.643501
2020,7.686683702,Singapore,SGP,1.352083,103.819836
2020,5.934735179,Slovenia,SVN,46.151241,14.995463
2020,0.127277607,Sierra Leone,SLE,8.460555,-11.779889
2020,,San Marino,SMR,43.94236,12.457777
2020,0.649800561,Senegal,SEN,14.497401,-14.452362
2020,0.039934653,Somalia,SOM,5.152149,46.199616
2020,4.285076557,Suriname,SUR,3.919305,-56.027783
2020,1.013280244,El Salvador,SLV,13.794185,-88.89653
2020,0.286061844,Togo,TGO,8.619543,0.824782
2020,11.29774331,Kazakhstan,KAZ,48.019573,66.923684
2020,,Puerto Rico,PRI,18.220833,-66.590149
2020,21.16961025,Kuwait,KWT,29.31166,47.481766
2020,1.942523356,Brazil,BRA,-14.235004,-51.92528
2020,1.340054317,Bhutan,BTN,27.514162,90.433601
2020,2.263463114,Botswana,BWA,-22.328474,24.684866
2020,5.842407296,Belarus,BLR,53.709807,27.953389
2020,1.741107715,Belize,BLZ,17.189877,-88.49765
2020,13.59937492,Canada,CAN,56.130366,-106.346771
2020,0.044282073,Central African Republic,CAF,6.611111,20.939444
2020,4.042072815,Switzerland,CHE,46.818188,8.227512
2020,1.539464696,Bolivia,BOL,-16.290154,-63.588653
2020,4.395151064,Chile,CHL,-35.675147,-71.542969
2020,7.756137907,China,CHN,35.86166,104.195397
2020,1.552259423,Colombia,COL,4.570868,-74.297333
2020,1.35999555,Costa Rica,CRI,9.748917,-83.753428
2020,2.152769678,Cuba,CUB,21.521757,-77.781167
2020,5.471998009,Cyprus,CYP,35.126413,33.429859
2020,7.255221028,Germany,DEU,51.165691,10.451526
2020,0.392329171,Djibouti,DJI,11.825138,42.590275
2020,4.691237308,Denmark,DNK,56.26392,9.501785
2020,0.374782658,Cameroon,CMR,7.369722,12.354722
2020,0.631204806,Benin,BEN,9.30769,2.315834
2020,0.058384022,Burundi,BDI,-3.373056,29.918886
2020,21.97690781,Bahrain,BHR,25.930414,50.637772
2020,5.777147992,Andorra,AND,42.546245,1.601554
2020,20.25227168,United Arab Emirates,ARE,23.424076,53.847818
2020,0.223478872,Afghanistan,AFG,33.93911,67.709953
2020,5.121730122,Antigua and Barbuda,ATG,17.060816,-61.796428
2020,1.544550115,Albania,ALB,41.153332,20.168331
2020,2.404683762,Armenia,ARM,40.069099,45.038189
2020,0.592742968,Angola,AGO,-11.202692,17.873887
2020,3.40561754,Argentina,ARG,-38.416097,-63.616672
2020,,American Samoa,ASM,-14.270972,-170.132217
2020,6.632645737,Austria,AUT,47.516231,14.550072
2020,14.77613691,Australia,AUS,-25.274398,133.775136
2020,,Aruba,ABW,12.52111,-69.968338
2020,3.398849573,Azerbaijan,AZE,40.143105,47.576927
2020,6.312305874,Bosnia and Herzegovina,BIH,43.915886,17.679076
2020,3.904871158,Barbados,BRB,13.193887,-59.543198
2020,0.510647559,Bangladesh,BGD,23.684994,90.356331
2020,7.398130658,Belgium,BEL,50.503887,4.469936
2020,0.253533189,Burkina Faso,BFA,12.238333,-1.561593
2020,4.923280379,Bulgaria,BGR,42.733883,25.48583
2020,2.261268144,Dominica,DMA,15.414999,-61.370976
2020,2.080181722,Dominican Republic,DOM,18.735693,-70.162651
2020,,Bermuda,BMU,32.321384,-64.75737
2020,1.957575349,Ecuador,ECU,-1.831239,-78.183406
2020,3.860705392,Croatia,HRV,45.1,15.2
2020,0.283815024,Haiti,HTI,18.971187,-72.285215
2020,4.591652907,Hungary,HUN,47.162494,19.503304
2020,2.071658962,Indonesia,IDN,-0.789275,113.921327
2020,6.76822759,Ireland,IRL,53.41291,-8.24389
2020,6.345216004,Israel,ISR,31.046051,34.851612
2020,,Isle of Man,IMN,54.236107,-4.548056
2020,1.576093232,India,IND,20.593684,78.96288
2020,3.84217782,Iraq,IRQ,33.223191,43.679291
2020,3.947465365,Iceland,ISL,64.963051,-19.020835
2020,4.732372771,Italy,ITA,41.87194,12.56738
2020,2.069041808,Jamaica,JAM,18.109581,-77.297508
2020,1.919172426,Jordan,JOR,30.585164,36.238414
2020,8.03149587,Japan,JPN,36.204824,138.252924
2020,0.374079219,Kenya,KEN,-0.023559,37.906193
2020,1.137583659,Cambodia,KHM,12.565679,104.990963
2020,0.449933973,Kiribati,KIR,-3.370417,-168.734039
2020,0.407112183,Comoros,COM,-11.875001,43.872219
2020,3.71822337,Algeria,DZA,28.033886,1.659626
2020,0.872911172,Honduras,HND,15.199999,-86.241905
2020,3.472771017,Guyana,GUY,4.860416,-58.93018
2020,,Cayman Islands,CYM,19.513469,-80.566956
2020,,Guam,GUM,13.444304,144.793731
2020,0.163208369,Guinea-Bissau,GNB,11.803749,-15.180413
2020,0.198657543,Eritrea,ERI,15.179384,39.782334
2020,4.279594571,Spain,ESP,40.463667,-3.74922
2020,0.154431772,Ethiopia,ETH,9.145,40.489673
2020,6.570145128,Finland,FIN,61.92411,25.748151
2020,1.117096288,Fiji,FJI,-16.578193,179.414413
2020,,Faroe Islands,FRO,61.892635,-6.911806
2020,3.953682452,France,FRA,46.227638,2.213749
2020,2.333273575,Gabon,GAB,-0.803689,11.609444
2020,4.601142251,United Kingdom,GBR,55.378051,-3.435973
2020,5.338399816,Estonia,EST,58.595272,25.013607
2020,2.754709196,Georgia,GEO,42.315407,43.356892
2020,0.602887453,Ghana,GHA,7.946527,-1.023194
2020,,Gibraltar,GIB,36.137741,-5.345374
2020,,Greenland,GRL,71.706936,-42.604303
2020,0.343646151,Guinea,GIN,9.945587,-9.696645
2020,2.725730852,Equatorial Guinea,GNQ,1.650801,10.267895
2020,4.767184937,Greece,GRC,39.074208,21.824312
2020,1.000407336,Guatemala,GTM,15.783471,-90.230759
2020,2.624067021,Grenada,GRD,12.262776,-61.604171